.Mirzaei,https://vip2.boozhaan.ir:2096/sub/qw2bir9fvzhf2col,"4 گیگ - 1 تومان",177875521647,1405/02/24,14:10,"تایید شد","اشتراک شما تمدید شد",1778787667,تمدید
Mehran,Mehran1,"4 گیگ - 1 تومان",۶۱۳۴۱۹۵۵۴۶۷۳,1405/02/24,19:56,"تایید شد",https://vip3.boozhaan.ir:2096/sub/y3c4ezykoudk3eru,1778788692,خرید
Mohammad,Mohammad.D,"10 گیگ - 2 تومان",776707665981,1405/02/25,15:09,"تایید شد",https://vip3.boozhaan.ir:2096/sub/skij6awj3f407loq,1778857845,خرید
Babakalavi650,Babakalavi,"4 گیگ - 1 تومان",۱۷۷۸۸۵۷۱۹۸۹۳,1405/02/25,18:29,"تایید شد",https://vip3.boozhaan.ir:2096/sub/zs5xscgok3y2fbnt,1778869789,خرید
Hamidasdz,https://vip.boozhaan.ir:2096/sub/2w0y657luo5les3h,"10 گیگ - 2 تومان",070895261126,1405/02/25,20:38,"تایید شد","اشتراک شما تمدید شد",1778877568,تمدید
saber-d,https://vip.boozhaan.ir:2096/sub/3o4ssxh8wyf8vi8u,"10 گیگ - 2 تومان",613521801480,1405/02/25,21:29,"تایید شد","اشتراک شما تمدید شد",1778881178,تمدید
mohamad-amp,Mohammad1,"2 گیگ - 500 تومان",۱۷۷۸۸۶۹۵۳۴۱۱,1405/02/25,21:56,"تایید شد",https://vip3.boozhaan.ir:2096/sub/wy7g7y9qfktztfcd,1778882266,خرید
M12345678R,Majidi,"4 گیگ - 1 تومان",177875827914,1405/02/26,14:50,"تایید شد",https://vip3.boozhaan.ir:2096/sub/lj7zo4ssfsn8bhn1,1778943007,خرید
saeed-ysf,saeed,"10 گیگ - 2 تومان",613617227766,1405/02/26,17:02,"تایید شد",https://vip.boozhaan.ir:2096/sub/82t8w4wi5x2svcsy,1778951039,خرید
Soheil5038,https://vip.boozhaan.ir:2096/sub/sgzrumunoqir8dmf,"10 گیگ - 2 تومان",651206,1405/02/26,21:02,"تایید شد","اشتراک شما تمدید شد",1778965516,تمدید
elham.amiri,Elhami,"4 گیگ - 1 تومان",177895326963,1405/02/26,21:13,"تایید شد",https://vip.boozhaan.ir:2096/sub/c2xoi5pk1c7yia1m,1778966002,خرید
Deniza23c0,https://vip3.boozhaan.ir:2096/sub/jml31jr6pf8o5f6v,"10 گیگ - 2 تومان",070916004016,1405/02/26,21:15,"تایید شد","اشتراک شما تمدید شد",1778966627,تمدید
Hasti1380,https://vip3.boozhaan.ir:2096/sub/ztko5s69cum0te27,"4 گیگ - 1 تومان",653893,1405/02/27,00:34,"تایید شد","اشتراک شما تمدید شد",1778978110,تمدید
brotherluwie,brotherluwie,"2 گیگ - 500 تومان",١٢٠٥٠٢٢٧٠٠٥٧٠٨٤٤٥٠٥٦٣٤٧٨٧١٤٨٢٨,1405/02/27,00:57,"تایید شد",https://vip3.boozhaan.ir:2096/sub/1gcj37c322usgcka,1778979492,خرید
Gh6041003,https://vip.boozhaan.ir:2096/sub/ngq69149lwg02f4y,"4 گیگ - 1 تومان",695768,1405/02/27,14:26,"تایید شد","اشتراک شما تمدید شد",1779028065,تمدید
elham.amiri,Elhami63,"1 گیگ - 300 تومان",177895326963,1405/02/27,20:28,"تایید شد",https://vip.boozhaan.ir:2096/sub/c2xoi5pk1c7yia1m,1779049702,خرید
nima_bagheri,Nima_bagheri,"1 گیگ - 300 تومان",6277601422986156,1405/02/27,21:24,"تایید شد",https://vip3.boozhaan.ir:2096/sub/y3c4ezykoudk3eru,1779053064,خرید
Jupijupia,Jupiter,"10 گیگ - 1.9 میلیون تومان",646530,1405/02/27,22:03,"تایید شد",https://vip3.boozhaan.ir:2096/sub/4v7lux9q508vihib,1779055409,خرید
hamed-fateh,Mortza_hami,"5 گیگ - 1 میلیون تومان",2222,1405/02/27,23:24,"تایید شد",https://vip3.boozhaan.ir:2096/sub/h1toy5y4hcolaomw,1779056677,خرید
Nahid57,Nahid57,"5 گیگ - 1 میلیون تومان",120164,1405/02/27,22:23,"تایید شد",https://vip3.boozhaan.ir:2096/sub/9grmtfib57i2b1le,1779056776,خرید
Bahareh,Bahareh,"1 گیگ - 300 تومان",974420,1405/02/27,22:33,"تایید شد",https://vip3.boozhaan.ir:2096/sub/x415mtq0dq1nut0q,1779057186,خرید
hamed-fateh,M_saedi,"2 گیگ - 500 تومان",2222,1405/02/27,23:52,"تایید شد",https://vip3.boozhaan.ir:2096/sub/z32ysf87tdh0e4t5,1779059113,خرید
Kianooshhh,Kianooshhhh,"2 گیگ - 500 تومان",177948942926,1405/02/27,23:11,"تایید شد",https://vip3.boozhaan.ir:2096/sub/y3c4ezykoudk3eru,1779059493,خرید
Soheyl_mb,Soheyl_mb,"5 گیگ - 1 میلیون تومان",070939540599,1405/02/28,00:29,"تایید شد",https://vip3.boozhaan.ir:2096/sub/7e04pcyw39sbpt1y,1779064173,خرید
RezaTokio,RezaTokio,"2 گیگ - 500 تومان",33297745695,1405/02/28,08:45,"تایید شد",https://vip3.boozhaan.ir:2096/sub/g2shlld17wtf1tkm,1779094044,خرید
sadegh,BigJay2,"20 گیگ - 3.5 میلیون تومان",64997983,1405/02/28,08:53,"تایید شد",https://vip3.boozhaan.ir:2096/sub/z32ysf87tdh0e4t5,1779094470,خرید
Parmis,Parmis,"10 گیگ - 1.9 میلیون تومان",352081,1405/02/28,11:52,"تایید شد",https://vip3.boozhaan.ir:2096/sub/yv72u2yjlb62x1f4,1779105421,خرید
marjaneh,shima,"5 گیگ - 1 میلیون تومان",١٧٧٩٠٩٣٥٣٣٨٥,1405/02/28,12:08,"تایید شد",https://vip3.boozhaan.ir:2096/sub/6rzwxguntsl25crr,1779106169,خرید
marjaneh,Marjaneh,"10 گیگ - 1.9 میلیون تومان",١٧٧٩٠٩٣٥٣٣٨٥,1405/02/28,12:08,"تایید شد",https://vip3.boozhaan.ir:2096/sub/qcrbr00qzzjplzan,1779106505,خرید
hamed-fateh,King1,"1 گیگ - 300 تومان",2222,1405/02/28,12:56,"تایید شد",https://vip3.boozhaan.ir:2096/sub/kn769lec3zpsdtsr,1779109002,خرید
Zohreh,Zohre,"10 گیگ - 1.9 میلیون تومان",613814159022,1405/02/28,14:01,"تایید شد",https://vip3.boozhaan.ir:2096/sub/w37ssi9zsewionh3,1779112926,خرید
hamed-fateh,Asal_mosh,"5 گیگ - 1 میلیون تومان",2222,1405/02/28,14:04,"تایید شد",https://vip3.boozhaan.ir:2096/sub/qfnx8l1pyx7v6zxz,1779113322,خرید
amirghassemiiiii,amirgh2,"5 گیگ - 1 میلیون تومان",177911727114,1405/02/28,18:43,"تایید شد",https://vip.boozhaan.ir:2096/sub/o3tnasppaqlwgfvj,1779129890,خرید
Yaldaaa,Yaldaaa,"10 گیگ - 1.9 میلیون تومان",232596,1405/02/28,19:10,"تایید شد",https://vip.boozhaan.ir:2096/sub/7vgie21iayzg5z3c,1779131445,خرید
Nlin008,Nelin88,"10 گیگ - 1.9 میلیون تومان",۱۷۷۹۱۱۸۸۳۴۰۵,1405/02/28,19:16,"تایید شد",https://vip.boozhaan.ir:2096/sub/l4uuiec9aq476ux5,1779131802,خرید
marjaneh,elnaz,"10 گیگ - 1.9 میلیون تومان",١٣٠٥٠٢٢٨٢٠٢٩١٠٬٠٠٠٥٬٣٤٥٣١١٢٩٥٢,1405/02/28,20:29,"تایید شد",https://vip3.boozhaan.ir:2096/sub/qa9q3mn9jrcj4qyc,1779136231,خرید
Aaaaaaa,Aaaaaaa,"2 گیگ - 500 تومان",177912646470,1405/02/28,21:17,"تایید شد",https://vip3.boozhaan.ir:2096/sub/sofqg6u31dtvbwtm,1779139164,خرید
milad-Amp,milad-vip1,"5 گیگ - 1 میلیون تومان",177995766767,1405/02/28,22:05,"تایید شد",https://vip3.boozhaan.ir:2096/sub/gy6jhmdgt1yyl7cx,1779141943,خرید
brotherluwie,Mamadkhalil,"10 گیگ - 1.9 میلیون تومان",۱۴۰۵۰۲۲۹۰۰۵۵۳۳۲۰۳۰۵۶۳۸۰۴۵۶۳۶۴۵,1405/02/29,00:55,"تایید شد",https://vip3.boozhaan.ir:2096/sub/4yqjzo0egghokvc4,1779152581,خرید
mohamad-amp,Mohammad-vip,"2 گیگ - 500 تومان",177914258784,1405/02/29,01:48,"تایید شد",https://vip3.boozhaan.ir:2096/sub/s8ny3qqinjmzpip4,1779155300,خرید
Nazli1988,Mohamad,"2 گیگ - 500 تومان",264808,1405/02/29,09:08,"تایید شد",https://vip3.boozhaan.ir:2096/sub/s8ny3qqinjmzpip4,1779181842,خرید
hamed-fateh,Mortza-alipor,"1 گیگ - 300 تومان",1111,1405/02/29,10:17,"تایید شد",https://vip3.boozhaan.ir:2096/sub/m3ruaflrrhovqm5g,1779185850,خرید
fariba,fariba,"2 گیگ - 500 تومان",12434,1405/02/29,12:56,"تایید شد",https://vip3.boozhaan.ir:2096/sub/3xnnkpuub5gmiltt,1779195373,خرید
fariba,faribajfr,"2 گیگ - 500 تومان",12434,1405/02/29,12:56,"تایید شد",https://vip3.boozhaan.ir:2096/sub/vc4jkao3gro4deyz,1779195425,خرید
Kianooshhh,Kiaaaaa,"5 گیگ - 1 میلیون تومان",178025216769,1405/02/29,15:56,"تایید شد",https://vip3.boozhaan.ir:2096/sub/5yx253964wj6xgij,1779206217,خرید
arianbarazandeh,Negin,"10 گیگ - 1.9 میلیون تومان",177919524277,1405/02/29,16:23,"تایید شد",https://vip3.boozhaan.ir:2096/sub/6wqewv82yeumx51g,1779207841,خرید
hamed-fateh,Hesam_mahsa,"10 گیگ - 1.9 میلیون تومان",2222,1405/02/29,16:34,"تایید شد",https://vip3.boozhaan.ir:2096/sub/k8osf36538i2l3yk,1779208436,خرید
hamed-fateh,Sabzi_market,"1 گیگ - 300 تومان",222,1405/02/29,17:16,"تایید شد",https://vip3.boozhaan.ir:2096/sub/yskhloob6ajz8zx2,1779211024,خرید
hamed-fateh,Porya_sa,"5 گیگ - 1 میلیون تومان",222,1405/02/29,17:17,"تایید شد",https://vip3.boozhaan.ir:2096/sub/rapquxs9tpvlvj6c,1779211089,خرید
Mahdirdh,Hamid.nana,"10 گیگ - 1.9 میلیون تومان",۱۷۷۹۱۹۹۷۵۶۷۳,1405/02/29,17:41,"تایید شد",https://vip3.boozhaan.ir:2096/sub/6eg16uwj3sji7ppo,1779212486,خرید
Afshar5104,Poriya,"2 گیگ - 500 تومان",070972812694,1405/02/29,17:48,"تایید شد",https://vip3.boozhaan.ir:2096/sub/gteovvwudmt99v95,1779212875,خرید
hamed-fateh,Behzae_car,"5 گیگ - 1 میلیون تومان",2222,1405/02/29,17:48,"تایید شد",https://vip3.boozhaan.ir:2096/sub/lpaa643mz1ooakf9,1779212965,خرید
hamed-fateh,Mehran_car,"5 گیگ - 1 میلیون تومان",2222,1405/02/29,18:13,"تایید شد",https://vip3.boozhaan.ir:2096/sub/iufh873ka4n6aluy,1779214393,خرید
hamed-fateh,Esmael_hamsayeh,"2 گیگ - 500 تومان",2222,1405/02/29,19:00,"تایید شد",https://vip3.boozhaan.ir:2096/sub/psfgtorn2bwq0qe7,1779217225,خرید
Majid5122,Majid51222,"10 گیگ - 1.9 میلیون تومان",070975045744,1405/02/29,19:33,"تایید شد",https://vip3.boozhaan.ir:2096/sub/htypkp9qd55w5w7w,1779219285,خرید
marjaneh,farnaaz,"2 گیگ - 500 تومان",١٢٠٥٠٢٢٩١٩٣٥١٩٥٧٥٠٥٦٣٤٤١٥٧٨٦٥٩,1405/02/29,19:34,"تایید شد",https://vip3.boozhaan.ir:2096/sub/qy2l7xfnicgg64ku,1779219327,خرید
Pouya77,Pouya,"5 گیگ - 1 میلیون تومان",231359,1405/02/29,20:16,"تایید شد",https://vip.boozhaan.ir:2096/sub/6quwi8hdtgd2rv3m,1779221560,خرید
Javad_amozegar,Javad,"5 گیگ - 1 میلیون تومان",776723494677,1405/02/29,20:43,"تایید شد",https://vip.boozhaan.ir:2096/sub/44gvuee5601gwsfi,1779223470,خرید
Peyman,Peyman007,"5 گیگ - 1 میلیون تومان",178042083922,1405/02/29,20:53,"تایید شد",https://vip3.boozhaan.ir:2096/sub/ggft0ygtkwhexetw,1779224019,خرید
hamed-fateh,Masud_hami67,"5 گیگ - 1 میلیون تومان",2332,1405/02/29,22:56,"تایید شد",https://vip3.boozhaan.ir:2096/sub/npcbzh2z4s4cuq16,1779231456,خرید
melika81,https://vip3.boozhaan.ir:2096/sub/orj0z8raj1rwqs17,"5 گیگ - 1 میلیون تومان",928129,1405/02/30,01:11,"تایید شد",,1779239556,تمدید
hamed-fateh,Rmzani-2026,"2 گیگ - 500 تومان",2222,1405/02/30,11:57,"تایید شد",https://vip3.boozhaan.ir:2096/sub/e479qti51w30ubx6,1779278253,خرید
liela1157,Liela,"10 گیگ - 1.9 میلیون تومان",177926909741,1405/02/30,12:53,"تایید شد",https://vip3.boozhaan.ir:2096/sub/963jr7rlmyn63dmb,1779281765,خرید
amiri12345678,Amiri,"2 گیگ - 500 تومان",936571,1405/02/30,13:01,"تایید شد",https://vip3.boozhaan.ir:2096/sub/goi64yyrpunwutpq,1779282160,خرید
hamed-fateh,Miladnorozi-h,"1 گیگ - 300 تومان",2222,1405/02/30,13:10,"تایید شد",https://vip3.boozhaan.ir:2096/sub/tdjz0lxzr5hqjepo,1779282650,خرید
hamed-fateh,Mehdi_net989,"1 گیگ - 300 تومان",2222,1405/02/30,13:22,"تایید شد",https://vip3.boozhaan.ir:2096/sub/7oxfyh2o9tdhoku5,1779283338,خرید
Ali123456,Vahid2,"10 گیگ - 1.9 میلیون تومان",721027,1405/02/30,14:29,"تایید شد",https://vip3.boozhaan.ir:2096/sub/cnesyx6frfzdr94b,1779287363,خرید
amirghassemiiiii,amir2323,"2 گیگ - 500 تومان",177927653821,1405/02/30,14:57,"تایید شد",https://vip3.boozhaan.ir:2096/sub/ugcldg8jlzwxdequ,1779289137,خرید
mazdak85,mazdakarashgar,"5 گیگ - 1 میلیون تومان",٥٧٠٩٩٢٢٨٣٥٥٣,1405/02/30,15:01,"تایید شد",https://vip3.boozhaan.ir:2096/sub/wx0q7yz3jb8b3kfv,1779289498,خرید
hamed-fateh,Parisa_fateh,"5 گیگ - 1 میلیون تومان",1234,1405/02/30,15:03,"تایید شد",https://vip3.boozhaan.ir:2096/sub/t2g7h7saoju4g795,1779289705,خرید
Shokrikann66,Shokrikhann66,"10 گیگ - 1.9 میلیون تومان",165263,1405/02/30,15:42,"تایید شد",https://vip3.boozhaan.ir:2096/sub/smrtgu3eh52dvusv,1779291898,خرید
irenkoosha,iren1375,"5 گیگ - 1 میلیون تومان",123,1405/02/30,16:05,"تایید شد",https://vip.boozhaan.ir:2096/sub/5qrxu2rq52lc5fx0,1779293146,خرید
Ali123456,Vahidmnz,"10 گیگ - 1.9 میلیون تومان",239749,1405/02/30,16:35,"تایید شد",https://vip.boozhaan.ir:2096/sub/uwoahfwyjzea5iu6,1779294915,خرید
hamed-fateh,Mostafa_rashed,"10 گیگ - 1.9 میلیون تومان",2222,1405/02/30,16:37,"تایید شد",https://vip3.boozhaan.ir:2096/sub/hfx1iwnpruxv6taa,1779295437,خرید
hamed-fateh,Mehdi_rashed,"10 گیگ - 1.9 میلیون تومان",4444,1405/02/30,16:44,"تایید شد",https://vip3.boozhaan.ir:2096/sub/tih7nqwur7kzgd5p,1779295529,خرید
hamed-fateh,Pashaki-8,"5 گیگ - 1 میلیون تومان",1111,1405/02/30,16:55,"تایید شد",https://vip3.boozhaan.ir:2096/sub/xel1iswyt77tsmgn,1779296115,خرید
hamed-fateh,Mobaile-navid,"5 گیگ - 1 میلیون تومان",2222,1405/02/30,17:26,"تایید شد",https://vip3.boozhaan.ir:2096/sub/b7vwttbbc3eyc2sg,1779298017,خرید
hamed-fateh,Gilan-mobail,"1 گیگ - 300 تومان",11111,1405/02/30,17:51,"تایید شد",https://bell.jay-force.ir:2096/sub/tz941nqp35qwqqfw,1779299553,خرید
Mehranrasoliii,Mehran7878,"5 گیگ - 1 میلیون تومان",852668,1405/02/30,18:32,"تایید شد",https://vip3.boozhaan.ir:2096/sub/bljy3oca44ki50cx,1779301982,خرید
Amir.kp,Amirkp1,"5 گیگ - 1 میلیون تومان",070997010454,1405/02/30,18:40,"تایید شد",https://vip3.boozhaan.ir:2096/sub/flrxzrtfwzrbbvp6,1779302491,خرید
mehran,Majid,"5 گیگ - 1 میلیون تومان",614018784723,1405/02/30,18:44,"تایید شد",https://vip3.boozhaan.ir:2096/sub/0vcs6h1i61nho7gl,1779302772,خرید
am-eslami,Amireslami4110,"5 گیگ - 1 میلیون تومان",614018856928,1405/02/30,18:55,"تایید شد",https://vip3.boozhaan.ir:2096/sub/9hmob1kiex92yyty,1779303371,خرید
hamed-fateh,1Mobail-gilan,"1 گیگ - 300 تومان",1111,1405/02/30,19:03,"تایید شد",https://vip3.boozhaan.ir:2096/sub/aq5o38roy2ltcwog,1779303797,خرید
hamed-fateh,Hamed_f,"1 گیگ - 300 تومان",1111,1405/02/30,19:28,"تایید شد",https://vip.boozhaan.ir:2096/sub/3zdrv2ysr00yvryw,1779305410,خرید
hamed-fateh,Hamed-f,"1 گیگ - 300 تومان",9887,1405/02/30,19:30,"تایید شد",https://vip.boozhaan.ir:2096/sub/whit06i2td58cv4a,1779305441,خرید
hamed-fateh,Eliya_mobil,"1 گیگ - 300 تومان",2222,1405/02/30,19:47,"تایید شد",https://vip.boozhaan.ir:2096/sub/s86saq5a8p8qlhin,1779306461,خرید
yasaman,Yasaman,"5 گیگ - 1 میلیون تومان",178091210406,1405/02/30,19:49,"تایید شد",https://vip.boozhaan.ir:2096/sub/t2q7ut7iqh6sxgqy,1779306861,خرید
hamed-fateh,Mohamad_mobalil,"5 گیگ - 1 میلیون تومان",2222,1405/02/30,19:57,"تایید شد",https://vip.boozhaan.ir:2096/sub/4wn6topopp9q5omu,1779307065,خرید
hamed-fateh,Mobail-rashed-sina,"2 گیگ - 500 تومان",9876,1405/02/30,20:31,"تایید شد",https://vip.boozhaan.ir:2096/sub/qbww4a0bh7f6wvc4,1779309167,خرید
hamed-fateh,Rashed-mobail2026,"2 گیگ - 500 تومان",132,1405/02/30,20:33,"تایید شد",https://vip.boozhaan.ir:2096/sub/bb3vsxvu3r75qo8f,1779309226,خرید
09351415138,Masoud,"5 گیگ - 1 میلیون تومان",177929760925,1405/02/30,20:51,"تایید شد",https://vip.boozhaan.ir:2096/sub/z6kmkrvko1m89msh,1779310320,خرید
Mjsdt9,Moji98,"5 گیگ - 1 میلیون تومان",614021568349,1405/02/30,21:58,"تایید شد",https://vip.boozhaan.ir:2096/sub/7xsbti6peo7bq8lu,1779314459,خرید
hamed-fateh,Amir-hadiniya,"5 گیگ - 1 میلیون تومان",4324,1405/02/30,22:01,"تایید شد",https://vip2.boozhaan.ir:2096/sub/c699tfm6qbqw54n8,1779314579,خرید
elahemh73,atena,"2 گیگ - 500 تومان",77777,1405/02/30,22:03,"تایید شد",https://vip.boozhaan.ir:2096/sub/3wzs8xemmej6hw0m,1779314682,خرید
Farzaneh,Farzaneh,"20 گیگ - 3.5 میلیون تومان",222500,1405/02/30,22:18,"تایید شد",https://vip.boozhaan.ir:2096/sub/rovpyqkp60aj5f2v,1779315499,خرید
hoseinjey1373,_SHIVa.,"5 گیگ - 1 میلیون تومان",504451,1405/02/30,22:22,"تایید شد",https://vip.boozhaan.ir:2096/sub/w4rlvbnpzwzp2td0,1779315748,خرید
elahemh73,abdolhosein,"10 گیگ - 1.9 میلیون تومان",7777,1405/02/30,22:29,"تایید شد",https://vip2.boozhaan.ir:2096/sub/rycbpyiccwgtdfqw,1779316172,خرید
freshteh-r,Fereshte,"1 گیگ - 300 تومان",09112623859,1405/02/30,22:51,"تایید شد",https://vip3.boozhaan.ir:2096/sub/7vp1sba9r6esbnc8,1779317501,خرید
elahemh73,https://vip2.boozhaan.ir:2096/sub/zv18sclft7likaau,"10 گیگ - 1.9 میلیون تومان",7777,1405/02/30,22:58,"تایید شد",,1779317931,تمدید
hamed-fateh,Navid_2g,"2 گیگ - 500 تومان",9090,1405/02/30,23:03,"تایید شد",https://vip3.boozhaan.ir:2096/sub/zo53cay5x0zrdus2,1779318232,خرید
hamed-fateh,Navid_ir2,"2 گیگ - 500 تومان",6565,1405/02/30,23:04,"تایید شد",https://vip3.boozhaan.ir:2096/sub/r6t1rbmlpoyz88a8,1779318298,خرید
hamed-fateh,Navid_1_2026,"1 گیگ - 300 تومان",7654,1405/02/30,23:05,"تایید شد",https://vip3.boozhaan.ir:2096/sub/rxhgll77qc35p4xo,1779318344,خرید
Aliz1405,AlizMehdi,"10 گیگ - 1.9 میلیون تومان",177930610303,1405/02/30,23:10,"تایید شد",https://vip3.boozhaan.ir:2096/sub/f2c3r7ld94ca053i,1779318740,خرید
K123456789,Saman,"5 گیگ - 1 میلیون تومان","شماره مرجع: ۱۷۷۹۳۲۷۸۳۶۳۷",1405/02/31,05:12,"تایید شد",https://vip2.boozhaan.ir:2096/sub/a9d1fp9nu2rjqzu7,1779340461,خرید
hamed-fateh,Mohamad-mobail,"1 گیگ - 300 تومان",5455,1405/02/31,10:53,"تایید شد",https://vip3.boozhaan.ir:2096/sub/esbf1ec1nsihyzcs,1779360810,خرید
Tahereh,Tahereh.Sh,"2 گیگ - 500 تومان",817267,1405/02/31,11:23,"تایید شد",https://vip3.boozhaan.ir:2096/sub/79m0zhce7m2osre0,1779362662,خرید
hamed-fateh,M_2026,"1 گیگ - 300 تومان",4342,1405/02/31,13:12,"تایید شد",https://vip3.boozhaan.ir:2096/sub/gkar2wz4rihima0o,1779369297,خرید
hamed-fateh,Hami_n,"2 گیگ - 500 تومان",6321,1405/02/31,13:15,"تایید شد",https://vip3.boozhaan.ir:2096/sub/7lm4zmc9a8yao3qd,1779369361,خرید
hamed-fateh,Ana_2026,"2 گیگ - 500 تومان",6545,1405/02/31,14:01,"تایید شد",https://vip3.boozhaan.ir:2096/sub/ohp8w6jfdackefmv,1779372156,خرید
hamed-fateh,Masod-mosighi,"2 گیگ - 500 تومان",6555,1405/02/31,14:54,"تایید شد",https://vip3.boozhaan.ir:2096/sub/arbb8oirz7xdv8fv,1779375324,خرید
hamed-fateh,Miss_mp,"2 گیگ - 500 تومان",0428,1405/02/31,15:24,"تایید شد",https://vip3.boozhaan.ir:2096/sub/ct32xrelsto2s021,1779377299,خرید
Aradgh,Aradgh,"1 گیگ - 300 تومان",403532400,1405/02/31,15:34,"تایید شد",https://vip3.boozhaan.ir:2096/sub/one3zqrc7f9mpgfp,1779377684,خرید
alirzv78,sinaghorbani,"10 گیگ - 1.9 میلیون تومان",178131796466,1405/02/31,16:01,"تایید شد",https://vip3.boozhaan.ir:2096/sub/8dlr0oewkwembejr,1779379951,خرید
mohammadreza_moazen0,V2box,"2 گیگ - 500 هزار تومان",071019233845,1405/02/31,17:30,"تایید شد",https://vip3.boozhaan.ir:2096/sub/viexiyhvi9x49wce,1779384632,خرید
hamed-fateh,Parvan_h2026,"5 گیگ - 1 میلیون تومان",3265,1405/02/31,18:14,"تایید شد",https://vip3.boozhaan.ir:2096/sub/xfbo0bxlcj9n2s3j,1779387274,خرید
morteza1997,morteza,"5 گیگ - 1 میلیون تومان",700413,1405/02/31,19:15,"تایید شد",https://vip3.boozhaan.ir:2096/sub/vclnaksbavin4vj3,1779390952,خرید
Vahid1996,VahidEGH,"10 گیگ - 1.9 میلیون تومان",775226,1405/02/31,20:00,"تایید شد",https://vip3.boozhaan.ir:2096/sub/lazngkci4senxzb1,1779393699,خرید
Maryaam.p,Maryaam1991,"1 گیگ - 250 هزار تومان",0067777777095340,1405/02/31,21:11,"تایید شد",https://vip2.boozhaan.ir:2096/sub/8h79hzr9zhzmy5z6,1779397923,خرید
amirghassemiiiii,amir1234,"5 گیگ - 1 میلیون تومان",١٧٧٩٣٩٨٨٣٩٢٩,1405/03/01,00:58,"تایید شد",https://vip.boozhaan.ir:2096/sub/jg6xl1w8gaiaw93i,1779411491,خرید
hamed-fateh,Mr_naeimi,"5 گیگ - 1 میلیون تومان",9065,1405/03/01,01:17,"تایید شد",https://vip4.boozhaan.ir:2096/sub/94j6vrkp11y6cq14,1779412756,خرید
Sinahrr,Sina_hr.,"1 گیگ - 250 هزار تومان",۱۷۸۱۵۷۸۱۶۴۱۴,1405/03/01,03:17,"تایید شد",https://vip4.boozhaan.ir:2096/sub/ia9xbwfcg4pxb1ow,1779419823,خرید
Mmdrza1376,Yaser_kami1358,"5 گیگ - 1 میلیون تومان",604688,1405/03/01,05:49,"تایید شد",https://vip4.boozhaan.ir:2096/sub/pnmg9x55voth9mc6,1779429002,خرید
ssobhans,Sobhan,"1 گیگ - 250 هزار تومان",177943199791,1405/03/01,10:10,"تایید شد",https://vip.boozhaan.ir:2096/sub/evhj36zwzj6m1t0u,1779444628,خرید
Ali123456,Rezamn,"2 گیگ - 500 هزار تومان",9339950,1405/03/01,12:50,"تایید شد",https://vip4.boozhaan.ir:2096/sub/z7zwhgzn7st9mznj,1779454237,خرید
hamed-fateh,Mp-2026,"10 گیگ - 1.9 میلیون تومان",9087,1405/03/01,12:59,"تایید شد",https://vip4.boozhaan.ir:2096/sub/g4p0pglxpnkvdqmj,1779454774,خرید
hamed-fateh,Ramzani_at2,"2 گیگ - 500 هزار تومان",9076,1405/03/01,14:11,"تایید شد",https://vip4.boozhaan.ir:2096/sub/0wif04hcbs6j6j86,1779459097,خرید
brotherluwie,Hadi1,"5 گیگ - 1 میلیون تومان",١٤٠٥٠٣٠١١٤٤٨٢٤٠٩٠٠٥٤٣٣٨٤٩٢٤٢١١,1405/03/01,14:48,"تایید شد",https://vip4.boozhaan.ir:2096/sub/n4abp6c6v4lbej6j,1779461521,خرید
elahemh73,https://vip.boozhaan.ir:2096/sub/en2l1w3r2fewytsr,"2 گیگ - 500",3g,1405/03/01,17:55,"تایید شد",,1779472355,تمدید
hamed-fateh,Naemi-2026,"5 گیگ - 1 میلیون تومان",7611,1405/03/01,18:13,"تایید شد",https://vip4.boozhaan.ir:2096/sub/owiuk20bemt6q299,1779473695,خرید
hamed-fateh,Mn_hami_989,"5 گیگ - 1 میلیون تومان",4500,1405/03/01,18:31,"تایید شد",https://vip4.boozhaan.ir:2096/sub/d5z520mpsmeugdhk,1779474721,خرید
mehran,Jamali,"5 گیگ - 1 میلیون تومان",982891887331646464,1405/03/01,18:56,"تایید شد",https://vip4.boozhaan.ir:2096/sub/phwnd13i3jahe7kl,1779476399,خرید
Hosein,https://vip.boozhaan.ir:2096/sub/imlx2t665bmv32sh,"10 گیگ - 1900",071041239726,1405/03/01,19:02,"تایید شد",,1779476870,تمدید
hamed-fateh,Fatemeh_parvanak,"5 گیگ - 1 میلیون تومان",9043,1405/03/01,20:06,"تایید شد",https://vip4.boozhaan.ir:2096/sub/mn89jdcuatycgl3k,1779480392,خرید
hamed-fateh,Esi_2026,"2 گیگ - 500 هزار تومان",0001,1405/03/01,20:24,"تایید شد",https://vip4.boozhaan.ir:2096/sub/1qrr6r0azlqh08du,1779481473,خرید
hamed-fateh,M_4085,"1 گیگ - 250 هزار تومان",4085,1405/03/01,20:34,"تایید شد",https://vip4.boozhaan.ir:2096/sub/3l4sgav42utsi9ns,1779482146,خرید
saber-d,https://vip.boozhaan.ir:2096/sub/3o4ssxh8wyf8vi8u,"10 گیگ - 1900",614222298625,1405/03/01,22:43,"تایید شد",,1779489925,تمدید
hamed-fateh,Dost_poriya,"5 گیگ - 1 میلیون تومان",6776,1405/03/01,22:57,"تایید شد",https://vip4.boozhaan.ir:2096/sub/ds9fc0w4ndgno0ou,1779490624,خرید
hamed-fateh,Abed-saedi,"5 گیگ - 1 میلیون تومان",2367,1405/03/01,23:55,"تایید شد",https://vip4.boozhaan.ir:2096/sub/yd9jubrndb1o5318,1779494148,خرید
Hami_h,M_pori,"5 گیگ - 1 میلیون تومان",9090,1405/03/02,00:00,"تایید شد",https://vip4.boozhaan.ir:2096/sub/d8w5bh8b07lxm3ih,1779494433,خرید
sepide1371,sepide,"5 گیگ - 1 میلیون تومان",178196567661,1405/03/02,01:27,"تایید شد",https://vip4.boozhaan.ir:2096/sub/jvy7zkej93nbtxxp,1779499888,خرید
aminazh_20,Hostmodern20,"1 گیگ - 250 هزار تومان",33382616177,1405/03/02,08:02,"تایید شد",https://vip4.boozhaan.ir:2096/sub/1857n1i34i537cwx,1779523538,خرید
Gh6041003,Ghader6472,"5 گیگ - 1 میلیون تومان",390936,1405/03/02,10:53,"تایید شد",https://vip4.boozhaan.ir:2096/sub/ujyusgfycopoax0z,1779533584,خرید
Soheyl_mb,https://vip3.boozhaan.ir:2096/sub/7e04pcyw39sbpt1y,"5 گیگ - 1000",070939540599,1405/03/02,10:56,"تایید شد",,1779533921,تمدید
Hosein,https://vip.boozhaan.ir:2096/sub/imlx2t665bmv32sh,"5 گیگ - 1000",071055950197,1405/03/02,12:52,"تایید شد",,1779540844,تمدید
elahemh73,hesam,"1 گیگ - 250 هزار تومان","حسام که لینکش برای تمدید وارد نمیشد",1405/03/02,12:54,"تایید شد",https://vip4.boozhaan.ir:2096/sub/fmtd843x49jry1ic,1779540875,خرید
Fariyan,Fariyan,"5 گیگ - 1 میلیون تومان",071056937559,1405/03/02,12:37,"تایید شد",https://vip4.boozhaan.ir:2096/sub/xyylurbthrs59cfo,1779543504,خرید
Delsa1057,Delsa,"10 گیگ - 1.9 میلیون تومان",535902,1405/03/02,13:50,"تایید شد",https://vip4.boozhaan.ir:2096/sub/fmtd843x49jry1ic,1779544325,خرید
elahemh73,"https://vip.boozhaan.ir:2096/sub/vyzmpeeuxzt9vnkg             ثبت درخواست تمدید      بازگشت","10 گیگ - 2 میلیون تومان",nilofar,1405/02/03,14:09,"تایید شد",,1779545362,تمدید
elahemh73,"https://vip3.boozhaan.ir:2096/sub/yp6lig4o1z4lzjiv             ثبت درخواست تمدید      بازگشت","1 گیگ - 300 هزار تومان",hesam,1405/02/03,14:12,"تایید شد",,1779545528,تمدید
elahemh73,"https://vip3.boozhaan.ir:2096/sub/e79scatd5nile7e6             ثبت درخواست تمدید      بازگشت","1 گیگ - 300 هزار تومان","ali sadeqi 1",1405/02/03,14:13,"تایید شد",,1779545624,تمدید
elahemh73,"https://vip3.boozhaan.ir:2096/sub/wexlf4qkfr6vq7a2             ثبت درخواست تمدید      بازگشت","1 گیگ - 300 هزار تومان","ali sadeqi 2",1405/02/03,14:15,"تایید شد",,1779545715,تمدید
Gh6041003,https://vip.boozhaan.ir:2096/sub/ngq69149lwg02f4y,"5 گیگ - 1 میلیون تومان",390936,1405/03/02,10:50,"تایید شد",,1779547285,تمدید
Nlin008,Negin,"2 گیگ - 500 هزار تومان",۱۷۷۹۱۱۸۸۳۴۰۵,1405/03/02,14:57,"تایید شد",https://vip4.boozhaan.ir:2096/sub/r0zpko38xko2ryg4,1779548361,خرید
Mehranrasoliii,Mehran,"1 گیگ - 200 هزار تومان",287411,1405/03/04,14:29,"تایید شد",https://vip4.boozhaan.ir:2096/sub/i4tflj99yy4m2yvv,1779719373,خرید
Hamidasdz,Aida1367,"10 گیگ - 1.5 میلیون تومان",130061419650,1405/03/04,14:44,"تایید شد",https://vip4.boozhaan.ir:2096/sub/04ejyzha424lei0h,1779720389,خرید
aminazh_20,https://vip4.boozhaan.ir:2096/sub/1857n1i34i537cwx,"1 گیگ - 200 هزار تومان",33428093247,1405/03/04,15:33,"تایید شد","جدید ارسال شد",1779723255,تمدید
Hamidasdz,Hamid1364,"10 گیگ - 1.5 میلیون تومان",130061449011,1405/03/04,15:12,"تایید شد",https://vip4.boozhaan.ir:2096/sub/bnq8ntk4hl09i1aw,1779724485,خرید
aminazh_20,Hostmodern21,"1 گیگ - 200 هزار تومان",33428093247,1405/03/04,15:33,"تایید شد",https://vip4.boozhaan.ir:2096/sub/vwc7uhrq50vw6ci8,1779729126,خرید
elahemh73,"https://vip.boozhaan.ir:2096/sub/en2l1w3r2fewytsr             ثبت درخواست تمدید      بازگشت","1 گیگ - 200 هزار تومان",3Gb,1405/02/04,17:41,"تایید شد",,1779730863,تمدید
Mahdiyh,Mahdiyh,"1 گیگ - 200 هزار تومان",071115436109,1405/03/04,20:35,"تایید شد",https://vip4.boozhaan.ir:2096/sub/zirug1lzp27shrj2,1779741554,خرید
miladhdp,MiladHDP,"1 گیگ - 200 هزار تومان",071117050120,1405/03/04,21:48,"تایید شد",https://vip4.boozhaan.ir:2096/sub/rsh0knlvwkwlqwgl,1779745779,خرید
eli2388,ELAHE2388,"3 گیگ - 500 هزار تومان",071117039623,1405/03/04,21:56,"تایید شد",https://vip4.boozhaan.ir:2096/sub/r37v531mqe0u9txz,1779746217,خرید
NegarGhasemi,Negar,"20 گیگ - 2.5 میلیون تومان",696444313472,1405/03/04,21:59,"تایید شد",https://vip4.boozhaan.ir:2096/sub/ywk5nycf3xw3wkb0,1779746367,خرید
Bgs_lord,Arvin,"3 گیگ - 500 هزار تومان",784642,1405/03/04,22:05,"تایید شد",https://vip4.boozhaan.ir:2096/sub/sxfqxebdp6s8dsf6,1779746844,خرید
Motahareh,Motahare,"3 گیگ - 500 هزار تومان",۱۷۷۹۷۳۵۷۴۲۲۴,1405/03/04,22:30,"تایید شد",https://vip4.boozhaan.ir:2096/sub/fmimnawripbpmymz,1779748375,خرید
Nasebeigi,Joudi,"1 گیگ - 200 هزار تومان",071119285026,1405/03/04,23:59,"تایید شد",https://vip4.boozhaan.ir:2096/sub/11sbnxsis76k9oea,1779753599,خرید
Nasebeigi,Nafis,"1 گیگ - 200 هزار تومان",071119545409,1405/03/05,00:01,"تایید شد",https://vip4.boozhaan.ir:2096/sub/3fhiw0htllbv77xk,1779753815,خرید
Negin_rp,Negin,"3 گیگ - 500 هزار تومان",117974339730,1405/03/05,00:39,"تایید شد",https://vip4.boozhaan.ir:2096/sub/9p2o2ydqmgeoycce,1779756020,خرید
am-eslami,Amireslami1379,"3 گیگ - 500 هزار تومان",128314504678,1405/03/05,01:20,"تایید شد","همون قبلی تمدید شد",1779758536,خرید
Ali03039,Farid,"1 گیگ - 200 هزار تومان",071122173858,1405/03/05,07:44,"تایید شد",https://vip4.boozhaan.ir:2096/sub/t3iy1q5kzyncbyc1,1779781589,خرید
Milad1991,Milad,"3 گیگ - 500 هزار تومان",334907,1405/03/05,09:16,"تایید شد",https://vip4.boozhaan.ir:2096/sub/atk37sfdrzfic0t1,1779787046,خرید
mehran,Jamali2,"6 گیگ - 1 میلیون تومان",2256305490917970944,1405/03/05,10:38,"تایید شد",https://vip4.boozhaan.ir:2096/sub/iq7r20pf8f0xmqzt,1779791947,خرید
09120441980,KhAteReH,"10 گیگ - 1.5 میلیون تومان",١٣٠٥٠٣٠٥١٢٢٢٥٬٣٠٢٠٥٤٣٤٤٣٧٨٣٤٠٥,1405/03/05,12:22,"تایید شد",https://vip4.boozhaan.ir:2096/sub/u8ox8p7bd595sdsz,1779798264,خرید
Samira,Samira,"10 گیگ - 1.5 میلیون تومان",١٣٠٠٢٩٩٠٣٩٣٣,1405/03/05,12:24,"تایید شد",https://vip4.boozhaan.ir:2096/sub/zrveivaseme99ij2,1779798320,خرید
Hosseinhmb,Iranradiator,"3 گیگ - 500 هزار تومان",177978849933,1405/03/05,13:59,"تایید شد",https://vip4.boozhaan.ir:2096/sub/jv906lqxjr9f9tq7,1779803992,خرید
Danial,Danial,"1 گیگ - 200 هزار تومان",177979346947,1405/03/05,14:34,"تایید شد",https://vip4.boozhaan.ir:2096/sub/3mp3pv49003gdybp,1779806128,خرید
kianoosh_sh,Kiaaa,"1 گیگ - 200 هزار تومان",6988407679326284800,1405/03/05,14:47,"تایید شد",https://vip4.boozhaan.ir:2096/sub/bnhajxpfpal342xb,1779806992,خرید
mahyas,mahyas,"1 گیگ - 200 هزار تومان",۶۱۴۶۱۵۹۶۳۱۸۵,1405/03/05,15:34,"تایید شد",https://vip4.boozhaan.ir:2096/sub/d3s2y14ti4s7v8w6,1779809671,خرید
Mpmpmpmpmpmp,Mmmmm,"1 گیگ - 200 هزار تومان",071134312356,1405/03/05,17:49,"تایید شد",https://vip4.boozhaan.ir:2096/sub/n0dnujk4frgqh0lf,1779817520,خرید
Niluefar,Niluefar,"6 گیگ - 1 میلیون تومان",071141087581,1405/03/05,22:14,"تایید شد",https://vip.boozhaan.ir:2096/sub/ujkf8m1og25yhwc5,1779833735,خرید
yasaman,Yas1380,"3 گیگ - 500 هزار تومان",178415858852,1405/03/06,01:38,"تایید شد",https://vip4.boozhaan.ir:2096/sub/k6eei4kgoakux136,1779845977,خرید
Sinahrr,https://vip4.boozhaan.ir:2096/sub/ia9xbwfcg4pxb1ow,"3 گیگ - 500 هزار تومان",178345760305,1405/03/04,19:25,"تایید شد",,1779877452,تمدید
Neda.kh,Neda-kh,"5 گیگ - 500 هزار تومان",405938245,1405/03/06,12:07,"تایید شد",https://vip.boozhaan.ir:2096/sub/je4vl34k3vqsusyg,1779883685,خرید
Zohre.kh,Zohre.kh,"5 گیگ - 500 هزار تومان",405941326,1405/03/06,12:15,"تایید شد",https://vip.boozhaan.ir:2096/sub/m2ucqxqz1okb85ht,1779884283,خرید
4830098066Eh,Erfann,"1 گیگ - 100 هزار تومان",۱۴۰۵۰۳۰۶۱۲۳۳۱۶۲۹۵۰۵۶۳۳۵۰۱۷۶۳۱۳,1405/03/06,11:35,"تایید شد",https://vip.boozhaan.ir:2096/sub/vbz396lht0nxhf1r,1779885314,خرید
Mohadeseh,Mohadeseh,"5 گیگ - 500 هزار تومان",071150253642,1405/03/06,12:46,"تایید شد",https://vip.boozhaan.ir:2096/sub/eukdowtcp4m7euvt,1779886262,خرید
Saharalami,Saharalami,"5 گیگ - 500 هزار تومان",302582,1405/03/06,13:14,"تایید شد","همون اشتراک قبلی شما تمدید شد",1779887767,خرید
Negin_rp,_rpNegiin,"5 گیگ - 500 هزار تومان",177987598357,1405/03/06,13:29,"تایید شد",https://vip.boozhaan.ir:2096/sub/4i9acvd7e640rad1,1779888695,خرید
Babakalavi650,https://vip3.boozhaan.ir:2096/sub/zs5xscgok3y2fbnt,"5 گیگ - 500 هزار تومان",177987923545,1405/03/06,14:23,"تایید شد",,1779892012,تمدید
parastoo,Golinp,"5 گیگ - 500 هزار تومان",177988494912,1405/03/06,16:02,"تایید شد",https://vip4.boozhaan.ir:2096/sub/703o3i7b657yqd02,1779897606,خرید
Aaaaaaa,1000MB,"1 گیگ - 100 هزار تومان",177988615975,1405/03/06,16:19,"تایید شد",https://vip4.boozhaan.ir:2096/sub/gufth93bcsn8wnh5,1779898785,خرید
sara__m.i,Sara__m.i,"1 گیگ - 100 هزار تومان",12345,1405/03/06,16:28,"تایید شد",https://vip4.boozhaan.ir:2096/sub/31xjwvxeb0msj4wl,1779899282,خرید
Hosein,https://vip.boozhaan.ir:2096/sub/imlx2t665bmv32sh,"20 گیگ - 1.5 میلیون تومان",071154963789,1405/03/02,15:59,"تایید شد",,1779903477,تمدید
Alianvari1363,Anvari,"20 گیگ - 500 هزار تومان",025657,1405/03/06,20:53,"تایید شد",https://vip.boozhaan.ir:2096/sub/43nqkweslg4spqop,1779915342,خرید
Mahdirdh,Pegasus,"10 گیگ - 300 هزار تومان",70349397229,1405/03/06,21:29,"تایید شد",https://vip2.boozhaan.ir:2096/sub/l381bjju5z86jpzo,1779917536,خرید
Amirrp,Amirrp,"10 گیگ - 300 هزار تومان",177990567466,1405/03/06,21:44,"تایید شد",https://vip.boozhaan.ir:2096/sub/m2yfzd8ezr64621m,1779918333,خرید
Yaser0536,Yasershafiei,"20 گیگ - 500 هزار تومان",256558,1405/03/06,21:57,"تایید شد",https://vip.boozhaan.ir:2096/sub/jejmm38dqv8aag0o,1779919276,خرید
Sepideh.m,Sepideh,"10 گیگ - 300 هزار تومان",178450310885,1405/03/06,22:02,"تایید شد",https://vip.boozhaan.ir:2096/sub/7ynq6atuap0k2hgg,1779919472,خرید
Mjsdt9,Fatima,"10 گیگ - 300 هزار تومان",140503062215082370563254490227,1405/03/06,22:15,"تایید شد",https://vip.boozhaan.ir:2096/sub/41mwxz9xhae2lh5d,1779920221,خرید
AmirRahmati,Amirrahmati2,"20 گیگ - 500 هزار تومان",130087481023,1405/03/06,22:38,"تایید شد",https://vip.boozhaan.ir:2096/sub/2okwi4ozj5nl3os1,1779921607,خرید
09385689367,Khorram,"20 گیگ - 500 هزار تومان",177990940526,1405/03/06,22:47,"تایید شد",https://vip.boozhaan.ir:2096/sub/476uwzijxqfveb6s,1779922150,خرید
Rana1382,Raana,"20 گیگ - 500 هزار تومان",513258,1405/03/06,22:50,"تایید شد",https://vip.boozhaan.ir:2096/sub/mqie244ul8i1likx,1779922266,خرید
Hasti1380,https://vip3.boozhaan.ir:2096/sub/ztko5s69cum0te27,"10 گیگ - 300 هزار تومان",807179,1405/03/06,22:58,"تایید شد",,1779922754,تمدید
09385689367,Shiftehkhorramdel,"10 گیگ - 300 هزار تومان",177991107988,1405/03/06,23:13,"تایید شد",https://vip.boozhaan.ir:2096/sub/0l5ja1m0kr7fx1ru,1779923706,خرید
Sayehsea,Sayehsea,"10 گیگ - 300 هزار تومان",071160800309,1405/03/06,23:21,"تایید شد",https://vip2.boozhaan.ir:2096/sub/b1wpksv0o2gpxhqh,1779924203,خرید
Kianakazemi,Kiana,"10 گیگ - 300 هزار تومان",178453171189,1405/03/06,23:46,"تایید شد",https://vip.boozhaan.ir:2096/sub/4rfrieo5jbx17iyw,1779925761,خرید
Mooein,Mooein,"10 گیگ - 300 هزار تومان",09390999572,1405/03/07,00:33,"تایید شد",https://vip4.boozhaan.ir:2096/sub/m6k34s2amwbb8cz6,1779928413,خرید
ssobhans,Sobhans,"10 گیگ - 300 هزار تومان",۱۷۷۹۹۱۵۸۷۴۴۷,1405/03/07,00:35,"تایید شد",https://vip4.boozhaan.ir:2096/sub/gjcryz8kbb22v1av,1779928529,خرید
brotherluwie,Mamali,"20 گیگ - 500 هزار تومان",٥٣٥٧٠٥٣٩٥٨٤٢٩٠٥٤٣٩٣٢٨١١٤٣٤ه١٢٠,1405/03/07,00:39,"تایید شد",https://vip4.boozhaan.ir:2096/sub/f5vlrdale9hwz8zv,1779928832,خرید
marjaneh,Marmar,"20 گیگ - 500 هزار تومان",٥٣٥٧٠٥٣٩٥٨٤٢٩٠٥٤٣٩٣٢٨١١٤٣٤ه١٢٠,1405/03/07,00:41,"تایید شد",https://vip4.boozhaan.ir:2096/sub/xgubq2f6kba6rhpb,1779928908,خرید
saber-d,https://vip.boozhaan.ir:2096/sub/3o4ssxh8wyf8vi8u,"20 گیگ - 500 هزار تومان",614801454920,1405/03/07,01:18,"تایید شد",,1779931082,تمدید
Shirin2,Shirin,"20 گیگ - 500 هزار تومان",123,1405/03/07,08:22,"تایید شد",https://vip4.boozhaan.ir:2096/sub/x81urziyeepj70dv,1779956556,خرید
2700031601,https://vip2.boozhaan.ir:2096/sub/zugh69e326d0a0ax,"20 گیگ - 500 هزار تومان",13006717875,1405/03/07,09:18,"تایید شد",,1779960010,تمدید
kianoosh_sh,Kiaaa2,"10 گیگ - 300 هزار تومان",7863584826487671808,1405/03/07,10:15,"تایید شد",https://vip4.boozhaan.ir:2096/sub/s45383ss80l3gwrv,1779963318,خرید
HPLFLV,Fisrt10,"10 گیگ - 300 هزار تومان",099393,1405/03/07,10:56,"تایید شد",https://vip4.boozhaan.ir:2096/sub/47je28chgv9l5ygp,1779965464,خرید
m.kaldareh,m.kaldareh,"10 گیگ - 300 هزار تومان",772499,1405/03/07,11:08,"تایید شد",https://vip4.boozhaan.ir:2096/sub/cfxzql0llbpg2kmy,1779966527,خرید
Hosseinhmb,Iranradiaat,"10 گیگ - 300 هزار تومان",177995443568,1405/03/07,11:18,"تایید شد",https://vip4.boozhaan.ir:2096/sub/3n03ckqkozs9aits,1779967093,خرید
3430194938n,3430194938n,"10 گیگ - 300 هزار تومان",3430194938,1405/03/07,12:17,"تایید شد",https://vip4.boozhaan.ir:2096/sub/r2p6w23d3yxceenp,1779970691,خرید
4830098066Eh,Erfan,"10 گیگ - 300 هزار تومان",۱۴۰۵۰۳۰۷۱۳۱۸۳۶۴۴۲۰۵۶۳۸۷۴۹۱۹۶۸۱,1405/03/07,12:17,"تایید شد",https://vip4.boozhaan.ir:2096/sub/39uw5i2v49ftil8o,1779974394,خرید
3330118113,Mosayeb,"10 گیگ - 300 هزار تومان",614813490862,1405/03/07,13:30,"تایید شد",https://vip4.boozhaan.ir:2096/sub/012k8wdztyxeznmx,1779975160,خرید
Omid1106,omid1106,"10 گیگ - 300 هزار تومان","269048         لطفا در ثبت اطلاعات پرداخت خود دقت فرمایید    ثبت خرید      بازگشت",1405/03/07,13:45,"تایید شد",https://vip4.boozhaan.ir:2096/sub/cae1a4ob9jb83m3u,1779975926,خرید
Ali03039,Aliii,"10 گیگ - 300 هزار تومان",071171190856,1405/03/07,14:17,"تایید شد",https://vip4.boozhaan.ir:2096/sub/dpjxq4261718cll5,1779977896,خرید
Amirreza,Amirreza,"50 گیگ - 1 میلیون تومان",۱۷۷۹۹۶۵۳۱۶۳۶,1405/03/07,14:20,"تایید شد",https://vip4.boozhaan.ir:2096/sub/j83uzltwmwfz79x6,1779978010,خرید
Mahdiyh,Mahdiiyh,"20 گیگ - 500 هزار تومان",971765,1405/03/07,14:31,"تایید شد",https://vip4.boozhaan.ir:2096/sub/ipp8qmqzfy7iu2ju,1779978685,خرید
Mobina,Vpn81_.,"10 گیگ - 300 هزار تومان",718447,1405/03/07,14:45,"تایید شد",https://vip4.boozhaan.ir:2096/sub/zxe8fum5epr47ufe,1779979538,خرید
A.h.k.m.m,Amir10G,"10 گیگ - 300 هزار تومان",MB32683145196294,1405/03/07,15:07,"تایید شد",https://vip4.boozhaan.ir:2096/sub/zvunlz7qwod6iyl0,1779980870,خرید
Mahan1385,Mahan,"10 گیگ - 300 هزار تومان",071172340343,1405/03/07,15:07,"تایید شد",https://vip4.boozhaan.ir:2096/sub/hglc8tahscti9lmr,1779981107,خرید
mohamad-amp,Amp-1,"10 گیگ - 300 هزار تومان",177997077049,1405/03/07,15:50,"تایید شد",https://vip4.boozhaan.ir:2096/sub/hglc8tahscti9lmr,1779983436,خرید
09351415138,Masoud27,"50 گیگ - 1 میلیون تومان",578680,1405/03/07,17:44,"تایید شد",https://vip4.boozhaan.ir:2096/sub/55d8qo99i9xzk3qv,1779990297,خرید
Hamidasdz,Hamid64,"20 گیگ - 500 هزار تومان",130068242703,1405/03/07,17:56,"تایید شد",https://vip4.boozhaan.ir:2096/sub/b6v7p3uegf7j8qcz,1779991024,خرید
ShaDiRamezani,vpnRamezani70,"10 گیگ - 300 هزار تومان",177998006200,1405/03/07,18:23,"تایید شد",https://vip4.boozhaan.ir:2096/sub/83qswl8h0cg2ph7i,1779992704,خرید
09385689367,Samanehz,"20 گیگ - 500 هزار تومان",178486092487,1405/03/07,19:01,"تایید شد",https://vip4.boozhaan.ir:2096/sub/v90w6ywi0mtgz4ez,1779994860,خرید
elahemh73,"https://vip.boozhaan.ir:2096/sub/3wzs8xemmej6hw0m             ثبت درخواست تمدید      بازگشت","10 گیگ - 300 هزار تومان",atena,1405/02/07,19:13,"تایید شد",,1779995597,تمدید
elahemh73,"https://vip2.boozhaan.ir:2096/sub/bylof2oeq4nzh7s8             ثبت درخواست تمدید      بازگشت","10 گیگ - 300 هزار تومان",armita,1405/02/07,19:15,"تایید شد",,1779995689,تمدید
hossein,Forex,"10 گیگ - 300 هزار تومان",۱۷۷۹۹۸۵۴۴۶۴۹,1405/03/07,19:53,"تایید شد",https://vip4.boozhaan.ir:2096/sub/79ih3p12k3o8hzcf,1779998070,خرید
Mohsenchegini,"https://vip.boozhaan.ir:2096/sub/ic4nk3ks2jw56vlo             ثبت درخواست تمدید      بازگشت","20 گیگ - 500 هزار تومان",178483763070,1405/03/07,18:36,"تایید شد",,1780000166,تمدید
elahemh73,zohaEmhk,"10 گیگ - 300 هزار تومان",zoha,1405/03/07,20:56,"تایید شد",https://vip4.boozhaan.ir:2096/sub/2aczyn1g2mv54vgv,1780001813,خرید
elahemh73,FarimaEmhk,"10 گیگ - 300 هزار تومان",farima,1405/03/07,21:24,"تایید شد",https://vip4.boozhaan.ir:2096/sub/a4tyghflhcb74kbc,1780003436,خرید
shaqayeq8556,shaqayeq,"20 گیگ - 500 هزار تومان",222259508600,1405/03/07,22:57,"تایید شد",https://vip4.boozhaan.ir:2096/sub/uytfe4u4pkbvs62i,1780009191,خرید
Victoria0_0,Asadpour,"10 گیگ - 300 هزار تومان",139692,1405/03/07,23:06,"تایید شد",https://vip4.boozhaan.ir:2096/sub/s2qumwjqxcurmd0i,1780009669,خرید
elahemh73,arezobabayi,"50 گیگ - 1 میلیون تومان",arezo,1405/03/08,00:00,"تایید شد",https://vip4.boozhaan.ir:2096/sub/fro10e7q4pqzc9q4,1780012848,خرید
elahemh73,"https://vip3.boozhaan.ir:2096/sub/hpbgmopnwwduv1qu             ثبت درخواست تمدید      بازگشت","10 گیگ - 300 هزار تومان","arezo qadim",1405/02/08,00:24,"تایید شد",,1780014289,تمدید
Soheyl_mb,https://vip3.boozhaan.ir:2096/sub/7e04pcyw39sbpt1y,"50 گیگ - 1 میلیون تومان",070939540599,1405/03/08,00:34,"تایید شد",,1780014949,تمدید
Arvandy76,https://vip.boozhaan.ir:2096/sub/ym1hptqu1mfqv9ik,"10 گیگ - 300 هزار تومان",865208,1405/03/08,00:59,"تایید شد",,1780016462,تمدید
mazdak85,"https://vip3.boozhaan.ir:2096/sub/wx0q7yz3jb8b3kfv             ثبت درخواست تمدید      بازگشت","20 گیگ - 500 هزار تومان",٥٧١١٨٣٢١٤٧٩٩,1405/03/08,02:27,"تایید شد",,1780021765,تمدید
Peyman,Peyman9050,"20 گیگ - 500 هزار تومان",178501197304,1405/03/08,03:10,"تایید شد",https://vip4.boozhaan.ir:2096/sub/8vv3gnjqm2rb8fxa,1780024229,خرید
Vahid1996,https://vip3.boozhaan.ir:2096/sub/lazngkci4senxzb1,"20 گیگ - 500 هزار تومان",614906402905,1405/03/08,06:00,"تایید شد",,1780034768,تمدید
ZHRSOR,first10z,"10 گیگ - 300 هزار تومان",972062,1405/03/08,09:08,"تایید شد",https://vip4.boozhaan.ir:2096/sub/4bjvilh85inn4u7u,1780045517,خرید
Manajoon,Manajoon,"50 گیگ - 1 میلیون تومان",071182863333,1405/03/08,09:31,"تایید شد",https://vip4.boozhaan.ir:2096/sub/di42lspk84r7d4la,1780047067,خرید
Bgs_lord,Arvin79,"20 گیگ - 500 هزار تومان",993470,1405/03/08,10:20,"تایید شد",https://vip4.boozhaan.ir:2096/sub/ex1ad6wykhjhtq0u,1780050163,خرید
shabnam.nrz,shabnam.nrz,"50 گیگ - 1 میلیون تومان",۰۷۱۱۸۹۱۷۰۱۶۴,1405/03/08,14:19,"تایید شد",https://vip4.boozhaan.ir:2096/sub/b56glhvpogfii8l7,1780064573,خرید
Aaaaaaa,https://vip4.boozhaan.ir:2096/sub/gufth93bcsn8wnh5,"10 گیگ - 300 هزار تومان",178005208246,1405/03/08,14:24,"تایید شد",,1780064739,تمدید
mazdak85,ali.kz,"10 گیگ - 300 هزار تومان",130090683107,1405/03/08,16:15,"تایید شد",https://vip4.boozhaan.ir:2096/sub/z91qs77iujl0nz0j,1780071567,خرید
Majid5122,https://vip3.boozhaan.ir:2096/sub/htypkp9qd55w5w7w,"10 گیگ - 300 هزار تومان",071191469506,1405/03/08,17:21,"تایید شد",,1780075308,تمدید
am-eslami,https://vip3.boozhaan.ir:2096/sub/9hmob1kiex92yyty,"10 گیگ - 300 هزار تومان",امیرحسینم,1405/03/08,17:20,"تایید شد",,1780075321,تمدید
Mahdirdh,Haniye,"10 گیگ - 300 هزار تومان",178006267539,1405/03/08,17:22,"تایید شد",https://vip3.boozhaan.ir:2096/sub/hgusj1rp6fetb9t0,1780075370,خرید
am-eslami,https://vip3.boozhaan.ir:2096/sub/9hmob1kiex92yyty,"10 گیگ - 300 هزار تومان",امیرحسینم,1405/03/08,17:20,"رد شد","اطلاعات پرداخت تکراری است",1780075524,تمدید
Mahan1385,MAHAN1385,"20 گیگ - 500 هزار تومان",071193246147,1405/03/08,18:40,"تایید شد",https://vip3.boozhaan.ir:2096/sub/62coqhfcuekkw9js,1780080012,خرید
Farzaneh,Farzaneh_A.,"50 گیگ - 1 میلیون تومان",Farzaneh,1405/03/08,19:37,"تایید شد",https://vip3.boozhaan.ir:2096/sub/d75xn7pu37mpugpj,1780083499,خرید
Shivamohammadi,Shiva,"20 گیگ - 500 هزار تومان","071194455729         لطفا در ثبت اطلاعات پرداخت خود دقت فرمایید    ثبت خرید      بازگشت",1405/03/08,20:06,"تایید شد",https://vip3.boozhaan.ir:2096/sub/jojvdd97m956117m,1780085212,خرید
Yasna_adilu,Yasna,"10 گیگ - 300 هزار تومان",77866,1405/03/08,20:17,"تایید شد",https://vip3.boozhaan.ir:2096/sub/iy82lv9dt4ffe3a5,1780085883,خرید
Navid1376,Nsjam,"10 گیگ - 300 هزار تومان",719383,1405/03/08,21:44,"تایید شد",https://vip3.boozhaan.ir:2096/sub/bjk75jqutljrv314,1780091155,خرید
Arsenal,Arsenal1,"10 گیگ - 300 هزار تومان",٣٢٥٥٨٧٣٩٥٩٨٠١١٢١٧٢٨,1405/03/08,22:05,"تایید شد",https://vip3.boozhaan.ir:2096/sub/t7ehk0ntawde60hk,1780092481,خرید
zahra.por,zahra.por,"10 گیگ - 300 هزار تومان",922790,1405/03/08,22:15,"تایید شد",https://vip3.boozhaan.ir:2096/sub/0gatcklmlv9l1fiw,1780092947,خرید
Vesta1386,Vesta,"10 گیگ - 300 هزار تومان",972562,1405/03/08,23:40,"تایید شد",https://vip3.boozhaan.ir:2096/sub/ddrdweuu620cacfx,1780098009,خرید
Atenadadgarr,Atena,"20 گیگ - 500 هزار تومان",178008567636,1405/03/08,23:43,"تایید شد",https://vip3.boozhaan.ir:2096/sub/gzalaxjjq15g91wv,1780098296,خرید
Ali03039,Majid,"10 گیگ - 300 هزار تومان",071203997581,1405/03/09,09:57,"تایید شد",https://vip3.boozhaan.ir:2096/sub/ck5dwoy1k4wh6wls,1780105575,خرید
elahemh73,atiEmhk,"10 گیگ - 300 هزار تومان",ati,1405/03/09,10:56,"تایید شد",https://vip3.boozhaan.ir:2096/sub/i49h51kori1i62f2,1780109064,خرید
Mahan1385,Mahrsa,"20 گیگ - 500 هزار تومان",071205752604,1405/03/09,11:19,"تایید شد",https://vip3.boozhaan.ir:2096/sub/ic2fvb7wbmgghg9k,1780110453,خرید
Shokrikann66,https://vip3.boozhaan.ir:2096/sub/smrtgu3eh52dvusv,"20 گیگ - 500 هزار تومان",996002,1405/03/09,12:07,"تایید شد",,1780113455,تمدید
Aria73,Aria.k73,"10 گیگ - 300 هزار تومان",053012215976,1405/03/09,12:20,"تایید شد",https://vip3.boozhaan.ir:2096/sub/7byvj18lds72m3ea,1780114163,خرید
masoud-gh,masoud-Vip,"20 گیگ - 500 هزار تومان",995295,1405/03/09,12:28,"تایید شد",https://vip3.boozhaan.ir:2096/sub/j8fcc4r5b2h6ha85,1780114677,خرید
42623362,mpmp01342623362,"50 گیگ - 1 میلیون تومان",615012627715,1405/03/09,12:59,"تایید شد",https://vip3.boozhaan.ir:2096/sub/k8ieslt5oeglrl3l,1780116500,خرید
Zahraab,zahraab,"20 گیگ - 500 هزار تومان",178013425934,1405/03/09,13:10,"تایید شد",,1780117381,خرید
mahshidart,Mahshidart,"10 گیگ - 300 هزار تومان",421554,1405/03/09,13:29,"تایید شد",https://vip3.boozhaan.ir:2096/sub/8jey25u0lguhi3mp,1780118267,خرید
Negin_rp,N-rp1,"50 گیگ - 1 میلیون تومان",675342,1405/03/09,13:40,"تایید شد",https://vip3.boozhaan.ir:2096/sub/f8afnenawdta49q8,1780118966,خرید
Negin_rp,Mahnaz,"10 گیگ - 300 هزار تومان",178559967003,1405/03/09,16:02,"تایید شد",https://vip3.boozhaan.ir:2096/sub/3z6tso29ufylxodi,1780127440,خرید
Zahraab,zahraaab,"20 گیگ - 500 هزار تومان",١٧٨٥١٣٤٢٥٩٣٤,1405/03/09,16:03,"تایید شد",https://vip3.boozhaan.ir:2096/sub/uawmce3hdoxp1vk8,1780127513,خرید
Milad1991,Milad70,"10 گیگ - 300 هزار تومان",837255,1405/03/09,18:50,"تایید شد",https://vip4.boozhaan.ir:2096/sub/vxv60osmhode0fvt,1780137524,خرید
Aliqsm,Jafari,"10 گیگ - 300 هزار تومان",927763,1405/03/09,22:03,"تایید شد",https://vip3.boozhaan.ir:2096/sub/2gaiey9ud3nlv848,1780149140,خرید
Nlin008,negin00,"20 گیگ - 500 هزار تومان",۱۷۸۰۱۶۷۷۱۸۱۱,1405/03/09,22:35,"تایید شد",https://vip3.boozhaan.ir:2096/sub/38sd2j6eraa7vtei,1780151015,خرید
Zohreh,Zohreh,"10 گیگ - 300 هزار تومان",269573,1405/03/09,22:41,"تایید شد",https://vip3.boozhaan.ir:2096/sub/vbwgb5jc8xmzh78z,1780151437,خرید
alirzv78,tavakoli,"20 گیگ - 500 هزار تومان",178131796466,1405/03/09,22:42,"تایید شد",https://vip3.boozhaan.ir:2096/sub/x802y4ywlolpy0tc,1780151591,خرید
elahemh73,"https://vip3.boozhaan.ir:2096/sub/yp6lig4o1z4lzjiv             ثبت درخواست تمدید      بازگشت","20 گیگ - 500 هزار تومان",hesam,1405/02/09,23:04,"تایید شد",,1780152759,تمدید
elahemh73,"https://vip.boozhaan.ir:2096/sub/vyzmpeeuxzt9vnkg             ثبت درخواست تمدید      بازگشت","20 گیگ - 500 هزار تومان",nilofar,1405/02/09,23:06,"تایید شد",,1780152855,تمدید
Yasna_adilu,Minaa,"10 گیگ - 300 هزار تومان",719139,1405/03/09,23:23,"تایید شد",https://vip3.boozhaan.ir:2096/sub/d6k6fi2kbvj405ww,1780153869,خرید
diyanwb,Bluloo,"10 گیگ - 300 هزار تومان",178017476872,1405/03/10,00:28,"تایید شد",https://vip3.boozhaan.ir:2096/sub/hgrtj335tvazb5ie,1780157886,خرید
mohamad-amp,Mohammad-vip1,"10 گیگ - 300 هزار تومان",178584277018,1405/03/10,00:39,"تایید شد",https://vip3.boozhaan.ir:2096/sub/kydqrsaqkakj37ok,1780158442,خرید
alirzv78,alirezvani,"50 گیگ - 1 میلیون تومان",312324,1405/03/10,10:05,"تایید شد",https://vip3.boozhaan.ir:2096/sub/prtt3hj51t9lb797,1780192434,خرید
alireza.ahmadi,alireza.ahmadi,"10 گیگ - 300 هزار تومان",140503101101270710563467706949,1405/03/10,11:01,"تایید شد",https://vip3.boozhaan.ir:2096/sub/2hrdr5z79kemp3tp,1780196025,خرید
Fatemeh1375,Fateme.1398,"10 گیگ - 300 هزار تومان",320014,1405/03/10,11:57,"تایید شد",https://vip3.boozhaan.ir:2096/sub/fmus6dp819zrdhnt,1780199254,خرید
azadetavakoli76,ghasem,"50 گیگ - 1 میلیون تومان",178599378474,1405/03/10,12:01,"تایید شد",https://vip3.boozhaan.ir:2096/sub/vlcvmlkqfz59h38z,1780199816,خرید
M.k4436,Mohammad.k,"20 گیگ - 500 هزار تومان",448363,1405/03/10,12:19,"تایید شد",https://vip3.boozhaan.ir:2096/sub/kxiqwh5th43fw65v,1780200464,خرید
V.ch2870,Vahid.ch,"10 گیگ - 300 هزار تومان",469142,1405/03/10,12:51,"تایید شد",https://vip3.boozhaan.ir:2096/sub/750j7x5o0ildz9fa,1780202518,خرید
Victoria0_0,https://vip4.boozhaan.ir:2096/sub/s2qumwjqxcurmd0i,"50 گیگ - 1 میلیون تومان",501400,1405/03/10,12:55,"تایید شد",,1780202731,تمدید
Marziyehnaddafi,Marziyehnaddafi,"10 گیگ - 300 هزار تومان",130095323543,1405/03/10,12:49,"رد شد","اطلاعات پرداخت اشتباه است",1780202734,خرید
Hoseinjafarnia,Jafarnia,"10 گیگ - 300 هزار تومان",۱۷۸۰۲۲۰۳۷۲۰۴,1405/03/10,13:13,"تایید شد",https://vip3.boozhaan.ir:2096/sub/c45eal2q90a3bcj4,1780203694,خرید
bazarganiyan,nahid,"20 گیگ - 500 هزار تومان","1405/03/10     13/06/22",1405/03/10,13:02,"تایید شد",https://vip3.boozhaan.ir:2096/sub/3sgok9x62d2sozps,1780203765,خرید
S.j4106,Saeid.j,"10 گیگ - 300 هزار تومان",178603571850,1405/03/10,13:11,"تایید شد",https://vip3.boozhaan.ir:2096/sub/6axncieo26b0r5kg,1780203874,خرید
Boshraafshar,Boshraafshar,"10 گیگ - 300 هزار تومان",178605754045,1405/03/10,14:03,"تایید شد",https://vip4.boozhaan.ir:2096/sub/vrrfuj8qd7k93cba,1780206726,خرید
amirghassemiiiii,amirgh1234,"20 گیگ - 500 هزار تومان",178022600464,1405/03/10,14:42,"تایید شد",https://vip4.boozhaan.ir:2096/sub/dsxjxkvyia72jnf5,1780209085,خرید
Majid1358,Majid1358,"50 گیگ - 1 میلیون تومان",430095,1405/03/10,18:26,"تایید شد",https://vip4.boozhaan.ir:2096/sub/knbk80c406ihldlq,1780222593,خرید
elahemh73,"https://vip.boozhaan.ir:2096/sub/m7gbsav4hdxj2btv             ثبت درخواست تمدید      بازگشت","50 گیگ - 1 میلیون تومان",fatemeh,1405/02/10,18:30,"تایید شد",,1780222695,تمدید
arianbarazandeh,arian,"50 گیگ - 1 میلیون تومان",071239762533,1405/03/10,21:00,"تایید شد",https://vip4.boozhaan.ir:2096/sub/0hse7uikf68464yg,1780231840,خرید
afshin,afshin,"10 گیگ - 300 هزار تومان",130074575353,1405/03/10,21:03,"تایید شد",https://vip4.boozhaan.ir:2096/sub/ngaxtqkni4jfwqua,1780232072,خرید
ssobhans,Sobhann,"10 گیگ - 300 هزار تومان",۱۷۸۰۲۹۴۴۷۵۹۰,1405/03/11,09:45,"تایید شد",,1780277594,خرید
yasaman,yasaman1380,"10 گیگ - 300 هزار تومان",178652987164,1405/03/11,13:08,"تایید شد",https://vip4.boozhaan.ir:2096/sub/ayqnxmrq1dp4j33i,1780289799,خرید
4830098066Eh,Aragorn,"20 گیگ - 500 هزار تومان",۱۴۰۵۰۳۱۱۱۶۲۶۵۵۱۳۱۰۵۶۳۱۹۶۵۵۳۸۵۲,1405/03/11,15:26,"تایید شد",https://vip3.boozhaan.ir:2096/sub/sqjbf3bz6v9pjp2m,1780302197,خرید
Afshar5104,afshar,"20 گیگ - 500 هزار تومان",857684,1405/03/11,16:35,"تایید شد",https://vip3.boozhaan.ir:2096/sub/a3gl03rr3mqc62ij,1780302316,خرید
YaghobZamani,"https://vip.boozhaan.ir:2096/sub/o3id7zc1ztbglea8             ثبت درخواست تمدید      بازگشت","10 گیگ - 300 هزار تومان",759718777188,1405/03/11,19:48,"تایید شد",,1780314145,تمدید
Hosein,https://vip.boozhaan.ir:2096/sub/imlx2t665bmv32sh,"50 گیگ - 1 میلیون تومان",071260196719,1405/03/01,19:02,"تایید شد",,1780314455,تمدید
melika81,https://vip.boozhaan.ir:2096/sub/ym1hptqu1mfqv9ik,"10 گیگ - 300 هزار تومان",916815,1405/03/12,00:26,"تایید شد",,1780330487,تمدید
Roghayeh-nj,Nima0046,"10 گیگ - 250 هزار تومان",178695377856,1405/03/12,11:05,"تایید شد",https://vip.boozhaan.ir:2096/sub/gjycmk4ljjqdm8jd,1780369011,خرید
Naszmm,Naszm,"10 گیگ - 250 هزار تومان",348106319679760064,1405/03/12,11:09,"تایید شد",https://vip.boozhaan.ir:2096/sub/38n9bwh5etxz7nys,1780369123,خرید
Mahan1385,Kabfkdns,"10 گیگ - 250 هزار تومان",071274175726,1405/03/12,14:00,"تایید شد",https://vip.boozhaan.ir:2096/sub/jxbrsxl2qpbshvh3,1780379272,خرید
melika81,Melikakhanom,"10 گیگ - 250 هزار تومان",324829,1405/03/12,16:15,"تایید شد",https://vip3.boozhaan.ir:2096/sub/o0uhjsfafywoi564,1780387397,خرید
zahrasanaei,zahrasanaei,"25 گیگ - 500 هزار تومان",615316049066,1405/03/12,16:44,"تایید شد",https://vip3.boozhaan.ir:2096/sub/yc7tu5ub12to88j8,1780389223,خرید
R.p2935,Reza.p,"25 گیگ - 500 هزار تومان",791058,1405/03/12,19:50,"تایید شد",https://vip3.boozhaan.ir:2096/sub/7b3de680d7906s1o,1780400363,خرید
Mahdirdh,Hamidreza,"25 گیگ - 500 هزار تومان",۱۷۸۰۴۲۲۴۷۱۲۲,1405/03/12,21:29,"تایید شد",https://vip3.boozhaan.ir:2096/sub/smoaqa486dr9twom,1780406242,خرید
Mahdirdh,Mahdirdh,"25 گیگ - 500 هزار تومان",829025,1405/03/12,21:48,"رد شد","اطلاعات پرداخت اشتباه است",1780407391,خرید
Atefeh.k,Atefehk,"10 گیگ - 250 هزار تومان",481760,1405/03/12,21:52,"تایید شد",https://vip.boozhaan.ir:2096/sub/x81tow2ak1ni3c9a,1780411386,خرید
Mahdirdh,Mahdiii,"25 گیگ - 500 هزار تومان",829025,1405/03/12,21:45,"تایید شد",https://vip4.boozhaan.ir:2096/sub/svxzx0xggn0xarqm,1780413840,خرید
Navid1376,https://vip3.boozhaan.ir:2096/sub/bjk75jqutljrv314,"10 گیگ - 250 هزار تومان",483537,1405/03/13,00:37,"تایید شد",,1780417642,تمدید
Mmtz1384,Taleshzade,"10 گیگ - 250 هزار تومان",534575,1405/03/13,11:01,"تایید شد",https://vip3.boozhaan.ir:2096/sub/sd5hwhkkc55farqf,1780455020,خرید
afshin,Afshin1,"50 گیگ - 900 هزار تومان",130079856414,1405/03/13,11:38,"تایید شد",https://vip.boozhaan.ir:2096/sub/5c14di1nyunfxo4a,1780457359,خرید
NegarGhasemi,Yaara,"25 گیگ - 500 هزار تومان",700601117056,1405/03/13,20:03,"تایید شد",https://vip4.boozhaan.ir:2096/sub/nni7ckdrtehbfu1h,1780487601,خرید
Nasebeigi,Nafas,"10 گیگ - 250 هزار تومان",071303994995,1405/03/13,20:28,"تایید شد",https://vip4.boozhaan.ir:2096/sub/ulzua68dms2zektr,1780488971,خرید
sara__m.i,https://vip4.boozhaan.ir:2096/sub/31xjwvxeb0msj4wl,"10 گیگ - 250 هزار تومان",178051064399,1405/03/13,21:45,"تایید شد",,1780493864,تمدید
NegarGhasemi,Negaram,"25 گیگ - 500 هزار تومان",700632742272,1405/03/13,22:12,"تایید شد",https://vip3.boozhaan.ir:2096/sub/x9qramm68mohg1yo,1780495232,خرید
Mahsaakbari,Mahsa-1370.21,"10 گیگ - 250 هزار تومان",780281862227,1405/03/13,23:45,"تایید شد",https://vip4.boozhaan.ir:2096/sub/s3qbpg9nai8ed9ax,1780501022,خرید
AmirRahmati,Amirrahmati3,"25 گیگ - 500 هزار تومان",130005248766,1405/03/14,14:06,"تایید شد",https://vip4.boozhaan.ir:2096/sub/j7v8wqxgyyum4hmv,1780552569,خرید
Majid5122,https://vip3.boozhaan.ir:2096/sub/htypkp9qd55w5w7w,"10 گیگ - 250 هزار تومان",071318662136,1405/03/14,18:06,"تایید شد",,1780566985,تمدید
M13691369M,Mmmmmm,"10 گیگ - 250 هزار تومان",051691,1405/03/14,18:08,"تایید شد",https://vip.boozhaan.ir:2096/sub/fpfqize2pzf622cx,1780567135,خرید
Majid5122,https://vip3.boozhaan.ir:2096/sub/htypkp9qd55w5w7w,"10 گیگ - 250 هزار تومان",071318662136,1405/03/14,18:06,"رد شد","اطلاعات پرداخت تکراری است",1780567792,تمدید
3430194938n,https://vip4.boozhaan.ir:2096/sub/r2p6w23d3yxceenp,"25 گیگ - 500 هزار تومان",3430194938n,1405/01/01,20:03,"تایید شد",,1780573895,تمدید
saeed-ysf,saeedy,"50 گیگ - 900 هزار تومان",189526340184,1405/03/14,20:48,"تایید شد",https://vip4.boozhaan.ir:2096/sub/3hojz7ch4pwka32r,1780576727,خرید
mazyar60,Mazyar,"25 گیگ - 500 هزار تومان",808449,1405/03/15,10:18,"تایید شد",https://vip4.boozhaan.ir:2096/sub/ljl5venfi7gtt1ud,1780625227,خرید
Shokrikann66,https://vip3.boozhaan.ir:2096/sub/smrtgu3eh52dvusv,"30 گیگ - 500 هزار تومان",077441,1405/03/15,14:28,"تایید شد",,1780640303,تمدید
amirghassemiiiii,amirgh123456,"30 گیگ - 500 هزار تومان",178065891706,1405/03/15,14:58,"تایید شد",https://vip4.boozhaan.ir:2096/sub/1nbw2biasckckop2,1780642029,خرید
am-eslami,Amir1379,"10 گیگ - 200 هزار تومان",538170311001,1405/03/15,15:02,"تایید شد",https://vip3.boozhaan.ir:2096/sub/smrtgu3eh52dvusv,1780642225,خرید
niknam,agili,"30 گیگ - 500 هزار تومان",071352657439,1405/03/16,14:38,"تایید شد",https://vip.boozhaan.ir:2096/sub/cjpfa6jms7i8xhvb,1780727540,خرید
Vahid1996,https://vip3.boozhaan.ir:2096/sub/lazngkci4senxzb1,"10 گیگ - 200 هزار تومان",615715912120,1405/03/16,15:23,"تایید شد",,1780730145,تمدید
Nahid57,https://vip3.boozhaan.ir:2096/sub/9grmtfib57i2b1le,"80 گیگ - 1 میلیون تومان",178904520403,1405/03/17,00:17,"تایید شد",,1780762048,تمدید
Niluefar,https://vip.boozhaan.ir:2096/sub/ujkf8m1og25yhwc5,"80 گیگ - 1 میلیون تومان",071363585221,1405/03/17,00:23,"تایید شد",,1780762295,تمدید
Maede137252,Maede,"10 گیگ - 200 هزار تومان",178077978775,1405/03/17,00:31,"تایید شد",https://vip.boozhaan.ir:2096/sub/9ayzybtac1bm0ug2,1780762887,خرید
Iman.ea,Drhashemi,"10 گیگ - 200 هزار تومان",871995,1405/03/17,11:23,"تایید شد",https://vip.boozhaan.ir:2096/sub/e0xhiq5w325tdzhi,1780801874,خرید
hoseinjey1373,hoseinj,"30 گیگ - 500 هزار تومان",178082029824,1405/03/17,11:50,"تایید شد",,1780803527,خرید
Shirin1358,Shirin2,"10 گیگ - 200 هزار تومان","رسید انتقال وجه کارت به کارت تاریخ: 12:02  1405/03/17 کارت مبدا: 6104 - 33** - **** - 1574 کارت مقصد: 5894 - 6311 - 3219 - 3475 بنام: صادق جعفريچنيجاني مبلغ: 2,000,000 ریال شماره ارجاع: 071369705404 وضعیت تراکنش: موفق",1405/03/17,12:00,"تایید شد",https://vip.boozhaan.ir:2096/sub/6a1pgph1ej20rkd8,1780804215,خرید
Hamid636,hamid636,"30 گیگ - 500 هزار تومان",8246,1405/03/17,13:57,"تایید شد",https://vip.boozhaan.ir:2096/sub/b6xl4sna15xlbpsp,1780811536,خرید
Kianooshhh,Kia4019199,"30 گیگ - 500 هزار تومان",178929403180,1405/03/17,15:46,"تایید شد",https://vip.boozhaan.ir:2096/sub/4xkzcleczhwb482o,1780817714,خرید
1234mp,Mmmmmmm,"10 گیگ - 200 هزار تومان",071376868490,1405/03/17,18:32,"تایید شد",https://vip.boozhaan.ir:2096/sub/nri0851z1qtvsswe,1780827487,خرید
mohamad-amp,Mohammad-vip2,"10 گیگ - 200 هزار تومان",178939674726,1405/03/17,19:12,"تایید شد",https://vip3.boozhaan.ir:2096/sub/5j6d1pa3amncmj25,1780830231,خرید
Daniznb,Bluloo,"10 گیگ - 200 هزار تومان",178947317972,1405/03/17,21:18,"تایید شد",https://vip3.boozhaan.ir:2096/sub/dhuub6ubbv7mmdm7,1780837638,خرید
Mahdirdh,Mahdiiiii,"10 گیگ - 200 هزار تومان",027227,1405/03/17,22:58,"تایید شد",https://vip3.boozhaan.ir:2096/sub/vgwsxymessjxcm55,1780843645,خرید
mehran,Mehranjadid,"30 گیگ - 500 هزار تومان",۶۱۵۸۲۲۷۳۷۶۴۳,1405/03/17,22:58,"تایید شد",https://vip3.boozhaan.ir:2096/sub/s24crfvzvws18fb1,1780843714,خرید
saharnw,saharnw,"10 گیگ - 200 هزار تومان",113276,1405/03/17,23:00,"تایید شد",https://vip.boozhaan.ir:2096/sub/7wx8soknjz5fz9ts,1780843759,خرید
saber-d,https://vip.boozhaan.ir:2096/sub/3o4ssxh8wyf8vi8u,"30 گیگ - 500 هزار تومان",615909442760,1405/03/18,10:00,"تایید شد",,1780883323,تمدید
4830098066Eh,Araghchc,"30 گیگ - 500 هزار تومان",۱۴۰۵۰۳۱۸۱۱۵۲۲۷۲۱۱۰۵۶۳۸۵۷۱۶۵۰۲۷,1405/03/18,10:54,"تایید شد",https://vip3.boozhaan.ir:2096/sub/6vwe8d7upb7ydfia,1780890119,خرید
Aaaaaaa,Aliiiiii,"10 گیگ - 200 هزار تومان",178090708779,1405/03/18,11:56,"تایید شد",https://vip3.boozhaan.ir:2096/sub/ewz7jw846ydcyf73,1780890289,خرید
Majid5122,https://vip3.boozhaan.ir:2096/sub/htypkp9qd55w5w7w,"10 گیگ - 200 هزار تومان",071391180433,1405/03/18,12:53,"تایید شد",,1780893688,تمدید
Peyman,Jadid,"10 گیگ - 200 هزار تومان",178970617509,1405/03/18,12:55,"تایید شد",https://vip3.boozhaan.ir:2096/sub/ogifxde427h0oadv,1780893920,خرید
ssobhans,Sobhanss,"10 گیگ - 200 هزار تومان",۱۷۸۰۹۱۱۸۰۳۹۲,1405/03/18,13:12,"تایید شد",,1780894908,خرید
Ali03039,Majiiiiiiiid,"10 گیگ - 200 هزار تومان",071391142692,1405/03/18,15:49,"تایید شد",https://vip3.boozhaan.ir:2096/sub/s6z0tlhllqtst9yz,1780904308,خرید
M13691369M,Mehran,"10 گیگ - 200 هزار تومان",781069,1405/03/18,16:06,"تایید شد",https://vip3.boozhaan.ir:2096/sub/wr569nihccbuiyv7,1780905422,خرید
Mmtz1384,"https://vip3.boozhaan.ir:2096/sub/sd5hwhkkc55farqf             ثبت درخواست تمدید      بازگشت","10 گیگ - 200 هزار تومان",312495,1405/03/19,10:53,"تایید شد",,1780989842,تمدید
Babakalavi650,Babak,"10 گیگ - 200 هزار تومان",۱۷۸۱۰۱۶۷۵۳۰۹,1405/03/19,18:21,"تایید شد",https://vip3.boozhaan.ir:2096/sub/new3zab9dc8z8onf,1781016798,خرید
Mahan1385,SMANNNNNN,"30 گیگ - 500 هزار تومان",071417742237,1405/03/19,19:00,"تایید شد",https://vip3.boozhaan.ir:2096/sub/3a5iipjjgrmweq6x,1781019017,خرید
arezootaghavi,dream.fit,"10 گیگ - 200 هزار تومان",179041276388,1405/03/19,20:55,"تایید شد",https://vip.boozhaan.ir:2096/sub/en1m4jyju4dhq11g,1781026000,خرید
Mooein,Moein,"10 گیگ - 200 هزار تومان",071424917562,1405/03/20,01:49,"تایید شد",https://vip4.boozhaan.ir:2096/sub/m6k34s2amwbb8cz6,1781043655,خرید
09385689367,Atikhorram,"30 گیگ - 500 هزار تومان",178110615959,1405/03/20,19:15,"تایید شد",https://vip.boozhaan.ir:2096/sub/fusyhivhih9vcdhd,1781106348,خرید
Vahid1996,https://vip3.boozhaan.ir:2096/sub/lazngkci4senxzb1,"30 گیگ - 500 هزار تومان",616119315432,1405/03/20,19:29,"تایید شد",,1781107311,تمدید
AmirRahmati,Amirrahmati22,"30 گیگ - 500 هزار تومان",130020552824,1405/03/20,22:30,"تایید شد",https://vip.boozhaan.ir:2096/sub/5fxqluhj1so9tmul,1781118119,خرید
Hosseinhmb,Lord1371,"30 گیگ - 500 هزار تومان",178112005081,1405/03/20,23:05,"تایید شد",https://vip.boozhaan.ir:2096/sub/lyjm8678higrd19t,1781120169,خرید
Nilouaz,Nilou,"10 گیگ - 200 هزار تومان",۱۷۸۱۱۲۳۲۰۲۴۳,1405/03/20,23:55,"تایید شد",https://vip.boozhaan.ir:2096/sub/5o6sbyd9eloci66y,1781123244,خرید
mohamad-amp,Mohammad-vip3,"30 گیگ - 500 هزار تومان",179104262777,1405/03/21,09:44,"تایید شد",https://vip.boozhaan.ir:2096/sub/gx84wvbtktui56f3,1781158518,خرید
m.kaldareh,https://vip4.boozhaan.ir:2096/sub/cfxzql0llbpg2kmy,"10 گیگ - 200 هزار تومان",772499,1405/03/07,11:02,"تایید شد",,1781170435,تمدید
Bgs_lord,https://vip4.boozhaan.ir:2096/sub/ex1ad6wykhjhtq0u,"30 گیگ - 500 هزار تومان",212989,1405/03/21,13:08,"تایید شد",,1781170819,تمدید
Amirrp,Amiraa,"10 گیگ - 200 هزار تومان",۱۷۸۱۱۷۳۴۵۵۸۸,1405/03/21,13:54,"تایید شد",https://vip.boozhaan.ir:2096/sub/ebc09whiyg0z6oke,1781173584,خرید
Gh6041003,Ghader,"10 گیگ - 200 هزار تومان",221252543134,1405/03/21,14:45,"تایید شد",https://vip.boozhaan.ir:2096/sub/ebc09whiyg0z6oke,1781176530,خرید
Peyman,Dina_76,"30 گیگ - 500 هزار تومان",179145434336,1405/03/22,05:40,"تایید شد",https://vip3.boozhaan.ir:2096/sub/riyzauw8vmynzzk6,1781230259,خرید
Ali03039,Ferii,"10 گیگ - 200 هزار تومان",071466112626,1405/03/22,10:28,"تایید شد",https://vip3.boozhaan.ir:2096/sub/im9a2d3q72qwzy91,1781247629,خرید
Mahan1385,mahan138555,"30 گیگ - 500 هزار تومان",071470037411,1405/03/22,14:50,"تایید شد",https://vip3.boozhaan.ir:2096/sub/6tgifmygmqy36mnt,1781263214,خرید
yasaman,https://vip.boozhaan.ir:2096/sub/t2q7ut7iqh6sxgqy,"10 گیگ - 200 هزار تومان",179158318815,1405/04/22,15:16,"تایید شد",,1781265178,تمدید
yasaman,Yasaman_1380,"10 گیگ - 150 هزار تومان",179165132502,1405/03/22,18:49,"تایید شد",https://vip3.boozhaan.ir:2096/sub/qdimclvludmg5f62,1781277611,خرید
Mmtz1384,"https://vip3.boozhaan.ir:2096/sub/sd5hwhkkc55farqf             ثبت درخواست تمدید      بازگشت","20 گیگ - 250 هزار تومان",458819,1405/03/22,19:48,"تایید شد",,1781281063,تمدید
Moon5002,VPN-2,"50 گیگ - 500 هزار تومان",647187,1405/03/22,20:51,"تایید شد",https://vip3.boozhaan.ir:2096/sub/4qmmvrw23e2lyrhj,1781284978,خرید
Majid5122,https://vip3.boozhaan.ir:2096/sub/htypkp9qd55w5w7w,"20 گیگ - 250 هزار تومان",071477491344,1405/03/22,22:56,"تایید شد",,1781292439,تمدید
Alirezapirahmadian,Mutantgene,"20 گیگ - 250 هزار تومان",179176305408,1405/03/22,23:42,"تایید شد",https://vip3.boozhaan.ir:2096/sub/4zh4z3xnuastmho4,1781295211,خرید
kianoosh_sh,abcdef,"20 گیگ - 250 هزار تومان",5984407047260303360,1405/03/23,09:20,"تایید شد",https://vip3.boozhaan.ir:2096/sub/0iccfw1ssy2uvjwj,1781329875,خرید
Victoria0_0,https://vip4.boozhaan.ir:2096/sub/s2qumwjqxcurmd0i,"50 گیگ - 500 هزار تومان",595448,1405/03/23,10:26,"تایید شد",,1781333894,تمدید
Mb369369,Mb369,"20 گیگ - 250 هزار تومان",919581,1405/03/23,13:21,"تایید شد",https://vip4.boozhaan.ir:2096/sub/etst21e4oh4bdqr4,1781344568,خرید
Babakalavi650,https://vip3.boozhaan.ir:2096/sub/new3zab9dc8z8onf,"10 گیگ - 150 هزار تومان",۱۷۸۱۳۵۶۳۹۴۴۹,1405/03/23,16:43,"تایید شد",,1781356457,تمدید
kianoosh_sh,morvarid,"20 گیگ - 250 هزار تومان",071504180753,1405/03/23,21:08,"تایید شد",https://vip3.boozhaan.ir:2096/sub/0d25rkthcb2ii6i7,1781372468,خرید
Soheyl_mb,https://vip3.boozhaan.ir:2096/sub/7e04pcyw39sbpt1y,"50 گیگ - 500 هزار تومان",071503693211,1405/03/23,21:12,"تایید شد",,1781372628,تمدید
Sayehsea,Sayeh,"10 گیگ - 150 هزار تومان",071506400596,1405/03/23,22:36,"تایید شد",https://vip2.boozhaan.ir:2096/sub/b1wpksv0o2gpxhqh,1781377697,خرید
Hadi_mb,Hadi_mb,"50 گیگ - 500 هزار تومان",071520194680,1405/03/24,15:19,"تایید شد",https://vip3.boozhaan.ir:2096/sub/60318sxzyophpi9z,1781437954,خرید
Omid1106,"https://vip4.boozhaan.ir:2096/sub/cae1a4ob9jb83m3u             ثبت درخواست تمدید      بازگشت","20 گیگ - 250 هزار تومان",269048,1405/03/25,15:49,"رد شد","اطلاعات پرداخت اشتباه است",1781439377,تمدید
Omid1106,"https://vip4.boozhaan.ir:2096/sub/cae1a4ob9jb83m3u             ثبت درخواست تمدید      بازگشت","20 گیگ - 250 هزار تومان",627760,1405/03/24,15:49,"تایید شد",,1781440546,تمدید
kianoosh_sh,iren1,"20 گیگ - 250 هزار تومان",4569631370138125312,1405/03/24,22:33,"تایید شد",https://vip3.boozhaan.ir:2096/sub/0idwc8v87x9i5sol,1781463836,خرید
Javad_amozegar,Mohammad,"10 گیگ - 150 هزار تومان",780322180226,1405/03/25,09:02,"تایید شد",https://vip.boozhaan.ir:2096/sub/gfroa7hvj05sz8mt,1781501589,خرید
amirghassemiiiii,shaqi,"10 گیگ - 150 هزار تومان",178152025104,1405/03/25,14:13,"تایید شد",https://vip.boozhaan.ir:2096/sub/ij41n1rkf11nidgv,1781520278,خرید
amirghassemiiiii,ghassemi23,"10 گیگ - 150 هزار تومان",178152032959,1405/03/25,14:14,"تایید شد",https://vip.boozhaan.ir:2096/sub/kctx883rcqc7yg28,1781520359,خرید
Boshraafshar,Boshra,"10 گیگ - 150 هزار تومان",179330994313,1405/03/25,19:40,"تایید شد",https://vip4.boozhaan.ir:2096/sub/vrrfuj8qd7k93cba,1781539962,خرید
shaqayeq8556,https://vip4.boozhaan.ir:2096/sub/uytfe4u4pkbvs62i,"20 گیگ - 250 هزار تومان",222343007066,1405/03/25,23:42,"تایید شد",,1781554395,تمدید
elahemh73,"https://vip.boozhaan.ir:2096/sub/m7gbsav4hdxj2btv             ثبت درخواست تمدید      بازگشت","50 گیگ - 500 هزار تومان",fatemeh,1405/03/25,00:14,"تایید شد",,1781556261,تمدید
Negin_rp,Payam-57,"10 گیگ - 150 هزار تومان",999921737731,1405/03/26,00:50,"تایید شد",https://vip.boozhaan.ir:2096/sub/5ahm88baq9ulfkga,1781558594,خرید
Babakalavi650,https://vip3.boozhaan.ir:2096/sub/new3zab9dc8z8onf,"20 گیگ - 250 هزار تومان",۱۷۸۱۵۹۰۱۷۳۸۰,1405/03/26,09:41,"تایید شد",,1781590292,تمدید
elahemh73,"https://vip2.boozhaan.ir:2096/sub/zv18sclft7likaau             ثبت درخواست تمدید      بازگشت","50 گیگ - 500 هزار تومان",roksana,1405/03/26,16:55,"تایید شد",,1781616328,تمدید
ssobhans,https://vip.boozhaan.ir:2096/sub/evhj36zwzj6m1t0u,"20 گیگ - 250 هزار تومان",۱۷۸۱۶۲۴۸۷۹۶۷,1405/03/25,07:18,"تایید شد",,1781624988,تمدید
elahemh73,"https://vip4.boozhaan.ir:2096/sub/fro10e7q4pqzc9q4             ثبت درخواست تمدید      بازگشت","50 گیگ - 500 هزار تومان","arezo babayi 7548",1405/03/26,19:25,"تایید شد",,1781625342,تمدید
asalyaghma,asall,"20 گیگ - 250 هزار تومان",۲۴۳۳۵۳,1405/03/26,23:44,"تایید شد",https://vip.boozhaan.ir:2096/sub/7dntdchyb7qkqw9v,1781640995,خرید
Nlin008,nlin8888,"10 گیگ - 150 هزار تومان",1718168333156,1405/03/27,11:35,"تایید شد",https://vip.boozhaan.ir:2096/sub/mh73xsa5pqz8123s,1781683467,خرید
Mahdiyh,Maahdiyh,"20 گیگ - 250 هزار تومان",613508,1405/03/27,16:51,"تایید شد",https://vip.boozhaan.ir:2096/sub/3pms1wawmgf1fntt,1781702489,خرید
Bgs_lord,https://vip4.boozhaan.ir:2096/sub/ex1ad6wykhjhtq0u,"50 گیگ - 500 هزار تومان",45041,1405/03/27,19:43,"تایید شد",,1781712867,تمدید
sarlak,Sarlak9339,"50 گیگ - 500 هزار تومان",86,1405/03/28,09:00,"تایید شد",https://vip.boozhaan.ir:2096/sub/e6epjd0mfx27vg9v,1781760698,خرید
m.kaldareh,https://vip4.boozhaan.ir:2096/sub/cfxzql0llbpg2kmy,"10 گیگ - 150 هزار تومان",772499,1405/03/07,11:02,"تایید شد",,1781785814,تمدید
Hasti1380,https://vip.boozhaan.ir:2096/sub/ym1hptqu1mfqv9ik,"10 گیگ - 150 هزار تومان",529194,1405/03/28,17:18,"تایید شد",,1781790593,تمدید
Parmis,"https://vip3.boozhaan.ir:2096/sub/yv72u2yjlb62x1f4             ثبت درخواست تمدید      بازگشت","20 گیگ - 250 هزار تومان",962606,1405/03/28,08:41,"تایید شد",,1781802690,تمدید
Mmtz1384,"https://vip3.boozhaan.ir:2096/sub/sd5hwhkkc55farqf             ثبت درخواست تمدید      بازگشت","20 گیگ - 250 هزار تومان",179499402759,1405/03/28,21:00,"تایید شد",,1781803792,تمدید
elahemh73,"https://vip3.boozhaan.ir:2096/sub/i49h51kori1i62f2             ثبت درخواست تمدید      بازگشت","20 گیگ - 250 هزار تومان",atiemhk,1405/03/29,02:21,"تایید شد",,1781823077,تمدید
Aliqsm,"https://vip3.boozhaan.ir:2096/sub/2gaiey9ud3nlv848             ثبت درخواست تمدید      بازگشت","10 گیگ - 150 هزار تومان",927763,1405/03/29,11:15,"تایید شد",,1781855163,تمدید
amirghassemiiiii,amirgh1823,"20 گیگ - 250 هزار تومان",178188558258,1405/03/29,19:42,"تایید شد",https://vip.boozhaan.ir:2096/sub/l156murhlr7kjv21,1781885606,خرید
saber-d,https://vip.boozhaan.ir:2096/sub/3o4ssxh8wyf8vi8u,"50 گیگ - 500 هزار تومان",617100958425,1405/03/30,01:10,"تایید شد",,1781901674,تمدید
Mobinrahimi76,Mobin,"20 گیگ - 250 هزار تومان",071642174088,1405/03/30,00:22,"تایید شد",https://vip.boozhaan.ir:2096/sub/iyz6pm8g59q5rkvd,1781902536,خرید
sara__m.i,https://vip4.boozhaan.ir:2096/sub/31xjwvxeb0msj4wl,"10 گیگ - 150 هزار تومان",179544752691,1405/03/30,00:26,"تایید شد",https://vip.boozhaan.ir:2096/sub/ljngmcsij80caii5,1781902640,تمدید
Aaaaaaa,https://vip4.boozhaan.ir:2096/sub/gufth93bcsn8wnh5,"10 گیگ - 150 هزار تومان",178193151101,1405/03/30,08:28,"تایید شد",https://vip.boozhaan.ir:2096/sub/xmobrnafrmhcypgq,1781931577,تمدید
3430194938n,Mmmmmmm,"20 گیگ - 250 هزار تومان",414970368,1405/03/30,13:35,"تایید شد",https://vip.boozhaan.ir:2096/sub/zbt4al4g7k5xkr2g,1781949950,خرید
hoseindarvishpour,Hosein7579,"50 گیگ - 500 هزار تومان",130048004291,1405/03/30,21:04,"تایید شد",https://vip.boozhaan.ir:2096/sub/vbp4xmw2mzbkl5f8,1781976918,خرید
afshin,Afshin2,"50 گیگ - 500 هزار تومان",130016405629,1405/03/31,00:27,"تایید شد",https://vip.boozhaan.ir:2096/sub/dv28301j6l1cstj7,1781989481,خرید
Aria73,Aria.73,"20 گیگ - 250 هزار تومان",518150,1405/03/31,09:26,"تایید شد",https://vip.boozhaan.ir:2096/sub/9agmhgzhv4rkyto6,1782021492,خرید
Aria73,https://vip3.boozhaan.ir:2096/sub/7byvj18lds72m3ea,"20 گیگ - 250 هزار تومان",518150,1405/03/31,09:26,"تایید شد",,1782021673,تمدید
Milad1991,Milaaad,"50 گیگ - 500 هزار تومان",617215054698,1405/03/31,15:52,"تایید شد",https://vip.boozhaan.ir:2096/sub/ey6woup05c09q3pa,1782044704,خرید
mehdi65,Mehdi,"50 گیگ - 500 هزار تومان","071689908633         لطفا در ثبت اطلاعات پرداخت خود دقت فرمایید    ثبت خرید      بازگشت",1405/03/31,22:03,"تایید شد",https://vip.boozhaan.ir:2096/sub/m58fmrfq2xfybty5,1782066861,خرید
marjaneh,marjanehh,"20 گیگ - 250 هزار تومان",١٧٨٢٥٧٥٤١٨١٣,1405/03/31,23:06,"تایید شد",https://vip3.boozhaan.ir:2096/sub/411nm3kc0ze6f1sv,1782070701,خرید
Vahid1996,https://vip3.boozhaan.ir:2096/sub/lazngkci4senxzb1,"20 گیگ - 250 هزار تومان",617306423479,1405/04/01,06:31,"تایید شد",,1782097427,تمدید
M.k4436,https://vip3.boozhaan.ir:2096/sub/kxiqwh5th43fw65v,"20 گیگ - 250 هزار تومان",687158,1405/04/01,12:10,"تایید شد",,1782117740,تمدید
Spy12.13,Spy121314,"10 گیگ - 150 هزار تومان",071716996217,1405/04/01,22:07,"تایید شد",https://vip3.boozhaan.ir:2096/sub/jr5qx7svyiuwdpqr,1782153576,خرید
Afshar5104,https://vip3.boozhaan.ir:2096/sub/a3gl03rr3mqc62ij,"50 گیگ - 500 هزار تومان",071718867192,1405/04/01,11:52,"تایید شد",,1782159751,تمدید
Atefeh.k,https://vip.boozhaan.ir:2096/sub/x81tow2ak1ni3c9a,"20 گیگ - 250 هزار تومان",458118,1405/04/02,08:43,"تایید شد",,1782191966,تمدید
Ali123456,Aaaaaaaa,"20 گیگ - 250 هزار تومان",653399,1405/04/02,10:21,"تایید شد",https://vip3.boozhaan.ir:2096/sub/s6islps8g97xtp6e,1782197508,خرید
elahemh73,"https://vip.boozhaan.ir:2096/sub/en2l1w3r2fewytsr             ثبت درخواست تمدید      بازگشت","50 گیگ - 500 هزار تومان",kian,1405/04/02,18:21,"تایید شد",,1782226284,تمدید
melika81,https://vip3.boozhaan.ir:2096/sub/o0uhjsfafywoi564,"10 گیگ - 150 هزار تومان",795390,1405/04/03,00:45,"تایید شد",,1782249378,تمدید
yasaman,Iranradiator,"10 گیگ - 150 هزار تومان",179807101430,1405/04/03,13:10,"تایید شد",https://vip3.boozhaan.ir:2096/sub/hmbg0ebe4sjynf6b,1782294144,خرید
Hasti1380,Hastikhanoom,"20 گیگ - 250 هزار تومان",۸۳۸۳۲۸,1405/04/03,13:46,"تایید شد",https://vip3.boozhaan.ir:2096/sub/pecwvfk8fuo79dku,1782296202,خرید
Masoome,Masoome,"50 گیگ - 500 هزار تومان",987022,1405/04/03,16:00,"تایید شد",https://vip3.boozhaan.ir:2096/sub/9pl3cjioeh09fwnc,1782304408,خرید
Majid5122,https://vip3.boozhaan.ir:2096/sub/htypkp9qd55w5w7w,"50 گیگ - 500 هزار تومان",488928,1405/04/03,18:34,"تایید شد",,1782313575,تمدید
elahemh73,"https://vip4.boozhaan.ir:2096/sub/a4tyghflhcb74kbc             ثبت درخواست تمدید      بازگشت","20 گیگ - 250 هزار تومان",farima,1405/04/03,18:43,"تایید شد",https://vip3.boozhaan.ir:2096/sub/cr0lr3u8ney8ajqc,1782314020,تمدید
K123456789,K12345,"50 گیگ - 500 هزار تومان",۱۷۸۲۳۲۱۰۷۸۶۵,1405/04/03,20:41,"تایید شد",https://vip.boozhaan.ir:2096/sub/b4kiu4d1voyokqbp,1782321139,خرید
milad-Amp,milad-vip2,"50 گیگ - 500 هزار تومان",179827635891,1405/04/03,21:33,"تایید شد",https://vip.boozhaan.ir:2096/sub/6lyyc8nggx19lrsl,1782324311,خرید
Mahdiyh,Asaal,"20 گیگ - 250 هزار تومان",835470,1405/04/03,21:43,"تایید شد",https://vip3.boozhaan.ir:2096/sub/c7uj5wx0ha1xl340,1782324812,خرید
Arvandy76,Behnam,"10 گیگ - 150 هزار تومان",۴۴۳۶۵۴,1405/04/04,17:26,"تایید شد",https://vip.boozhaan.ir:2096/sub/bydxa5fr4jw8q8kx,1782395867,خرید
Nasebeigi,Nafiisee,"10 گیگ - 150 هزار تومان",071776034736,1405/04/04,18:36,"تایید شد",https://vip.boozhaan.ir:2096/sub/n075245ny8xroshw,1782400065,خرید
Ali123456,Monmnz1,"50 گیگ - 500 هزار تومان",864523,1405/04/04,19:47,"تایید شد",https://vip.boozhaan.ir:2096/sub/nv35xi8ar8cw7ejk,1782404230,خرید
0440228514,Afsaneh,"50 گیگ - 500 هزار تومان",179855262536,1405/04/04,20:31,"تایید شد",https://vip.boozhaan.ir:2096/sub/hisybxj68k4g4h2c,1782407007,خرید
saramadz,Saram,"20 گیگ - 250 هزار تومان",686272,1405/04/04,22:30,"تایید شد",https://vip3.boozhaan.ir:2096/sub/y02xkj3p81y89w40,1782414105,خرید
4830098066Eh,Iraniran,"50 گیگ - 500 هزار تومان",۱۴۰۵۰۴۰۵۰۱۱۱۰۱۳۷۰۰۵۶۳۳۵۸۸۹۰۵۴۳,1405/04/05,00:12,"تایید شد",https://vip.boozhaan.ir:2096/sub/3v6xkd2udc0dhna1,1782423818,خرید
amirghassemiiiii,nazigh6221,"20 گیگ - 250 هزار تومان",178242633690,1405/04/05,01:54,"تایید شد",https://vip.boozhaan.ir:2096/sub/i3vkfijpkmjbsmus,1782426372,خرید
amirghassemiiiii,amirgh6221,"20 گیگ - 250 هزار تومان",178242640142,1405/04/05,01:56,"تایید شد",https://vip.boozhaan.ir:2096/sub/h0rsifnzx2ymbhy4,1782426433,خرید
M.b8808,Mobina,"20 گیگ - 250 هزار تومان",319124,1405/04/05,02:52,"تایید شد",,1782429985,خرید
